番号,単語,品詞,発音記号,意味,短い意味,ニュアンス解説,コロケーション,例文_英語,例文_日本語,言い換え,メモ
1,enlarge,verb,/ɪnˈlɑːrdʒ/,拡大する、大きくする,to make something bigger,単にサイズを大きくするだけでなく、写真・建物・範囲・可能性などを広げる時にも使える。IELTS Task 1の地図問題で「施設が拡張された」と言いたい時に便利。,,The car park was enlarged to accommodate more visitors.,より多くの訪問者を受け入れるために、駐車場が拡張された。,expand; extend; increase,Task 1 mapで “was enlarged” はかなり使いやすい。
2,thoroughfare,noun,/ˈθʌrəfer/,大通り、主要道路,a main road or public passage,人や車が通り抜けるための主要な道路・通路を指す。日常会話ではやや硬いが、Readingや地図説明で出る可能性がある。,,The new thoroughfare improved access between the residential area and the city centre.,新しい大通りによって、住宅地と市内中心部の間のアクセスが改善された。,main road; route; passageway,Task 1 mapでは “main road” の方が安全。Reading用語として覚えるとよい。
3,flair,noun,/fler/,才能、センス、独特の魅力,a natural ability or stylish quality,特に芸術・デザイン・言語・料理などで「自然なセンスがある」という意味。abilityよりも「華やかさ・個性」が含まれる。,,She has a flair for explaining complex ideas in a simple way.,彼女には複雑な考えを簡単に説明する才能がある。,talent; gift; aptitude; style,“have a flair for ～” の形で覚える。
4,embrace,verb,/ɪmˈbreɪs/,受け入れる、積極的に取り入れる,to accept or adopt something willingly,単にacceptするより前向きで、変化・考え方・技術・文化などを積極的に受け入れるニュアンスがある。IELTS Task 2で使いやすい。,,Many companies have embraced digital technology to improve efficiency.,多くの企業は効率を向上させるためにデジタル技術を積極的に取り入れている。,accept; adopt; welcome,Task 2で “embrace new technology” が便利。
5,plod,verb,/plɑːd/,重い足取りで歩く、ゆっくり進む,to walk or work slowly and heavily,身体的にゆっくり歩く意味もあるが、仕事や勉強を「地道に、少し退屈に進める」という意味でも使える。ややネガティブな響き。,,"After a long day, he plodded home through the rain.",長い一日の後、彼は雨の中を重い足取りで家へ帰った。,trudge; walk slowly; move slowly,Readingでは出る可能性あり。Writingで無理に使う必要は低い。
6,bottom out,phrase,/ˌbɑːtəm ˈaʊt/,底を打つ、最低点に達して回復し始める,to reach the lowest point before improving,経済・価格・数値・状況が最悪の状態まで下がり、その後はそれ以上悪化しにくい時に使う。Task 1のグラフで「減少が止まった」と言いたい時に便利。,prices bottom out / the economy bottoms out / sales bottom out / bottom out at 10%,The unemployment rate bottomed out in 2020 before rising again.,失業率は2020年に底を打った後、再び上昇した。,reach the lowest point; hit the bottom; level off; stop falling,Task 1の折れ線グラフで使えるが、カジュアル寄りなのでフォーマル文では “reach its lowest point” も安全。
7,trough,noun,/trɔːf/,谷、最低点、くぼみ,the lowest point in a cycle or graph,グラフ・景気循環・波の一番低い部分を表す語。Task 1で数値が下がりきった点を説明する時に使えるが、やや専門的。,reach a trough / hit a trough / a deep trough / a trough in sales,The figure reached a trough of 15% in 2015.,その数値は2015年に15%という最低点に達した。,lowest point; low point; bottom; minimum,Task 1で “reached a trough of...” は使いやすい。発音はスペルから想像しにくいので注意。
8,superlative,adjective,/suːˈpɝːlətɪv/,最上級の、最高の,excellent or showing the highest degree,文法では “the biggest” のような最上級を指す。一般的には「非常に優れた」という意味もあるが、IELTS Writingでは文法用語として覚える方が実用的。,superlative form / superlative adjective / superlative degree / a superlative performance,Students often make mistakes when using superlative adjectives in essays.,学生はエッセイで最上級の形容詞を使う時によく間違える。,highest; best; excellent; outstanding,Writing本文で無理に使うより、文法学習用として重要。Speakingでは “excellent” の方が自然。
9,discipline,noun,/ˈdɪsəplɪn/,規律、自制、学問分野,"control, order, or a field of study",「規律」だけでなく、「自分をコントロールする力」や「学問分野」という意味もある。教育・仕事・子育て・勉強習慣の話題で使いやすい。,self-discipline / strict discipline / academic discipline / maintain discipline,Self-discipline is essential for students who study online.,オンラインで学ぶ学生にとって、自制心は不可欠である。,self-control; order; training; field of study,Task 2の教育・仕事・オンライン学習の話題でかなり使いやすい。
10,pensioner,noun,/ˈpenʃənər/,年金生活者、年金受給者,an old person who receives a pension,主にイギリス英語で、高齢で年金を受け取っている人を指す。Task 2で高齢化社会や福祉政策について書く時に使える。,elderly pensioners / retired pensioners / support pensioners / pensioner benefits,Many pensioners struggle to pay for housing and medical care.,多くの年金生活者は住宅費や医療費の支払いに苦労している。,retired person; senior citizen; elderly person; retiree,Task 2のaging societyやwelfareの話題で便利。アメリカ英語では “retiree” や “senior citizen” もよく使う。
11,unity,noun,/ˈjuːnəti/,団結、一体感,the state of being together or united,人々・国・組織などがまとまっている状態を表す。Task 2で社会・文化・チームワークの話題に使いやすい。,national unity / social unity / promote unity / a sense of unity,Sports events can promote unity among people from different backgrounds.,スポーツイベントは異なる背景を持つ人々の間に一体感を促進できる。,togetherness; harmony; solidarity; cohesion,Task 2のsocietyやcultureの話題で便利。
12,diabetes,noun,/ˌdaɪəˈbiːtiːz/,糖尿病,a disease in which the body cannot control blood sugar,健康・食生活・高齢化社会の話題でよく出る病名。不可算名詞として使われることが多く、“a diabetes” とは言わない。,type 2 diabetes / develop diabetes / prevent diabetes / diabetes patients,Unhealthy eating habits can increase the risk of diabetes.,不健康な食習慣は糖尿病のリスクを高める可能性がある。,high blood sugar disease; chronic disease; metabolic disorder,Task 2のhealth topicで使いやすい。スペルと発音に注意。
13,fortifying,adjective,/ˈfɔːrtəfaɪɪŋ/,強化する、栄養を加える,strengthening something or adding nutrients,食品にビタミンやミネラルを加えて栄養価を高める時によく使う。精神的・物理的に「強化する」という意味でも使える。,fortifying food with vitamins / fortifying milk / fortifying the body / fortifying public health,Fortifying basic foods with vitamins can help reduce malnutrition.,基本的な食品にビタミンを加えることは栄養失調を減らすのに役立つ。,strengthening; enriching; reinforcing; improving,健康・栄養・公衆衛生のTask 2で使えるが、使い方は少し限定的。
14,suitability,noun,/ˌsuːtəˈbɪləti/,適切さ、ふさわしさ,how appropriate something is for a purpose,ある物・方法・場所・人が目的に合っているかを表す名詞。フォーマルで、Task 1やTask 2の評価表現に使いやすい。,assess suitability / determine suitability / suitability for children / suitability of a method,The suitability of online learning depends on students’ age and learning style.,オンライン学習の適切さは、生徒の年齢や学習スタイルによって異なる。,appropriateness; fitness; compatibility; relevance,Task 2で “the suitability of...” として使いやすい。
15,endurance,noun,/ɪnˈdʊrəns/,持久力、忍耐力,the ability to continue for a long time,身体的な持久力だけでなく、困難に耐える精神的な力にも使える。スポーツ・仕事・学習の話題で使いやすい。,physical endurance / mental endurance / build endurance / test endurance,Regular exercise can improve both physical strength and endurance.,定期的な運動は体力と持久力の両方を向上させることができる。,stamina; resilience; perseverance; staying power,Speakingでsportやstudy habitsを話す時に便利。
16,caregiver,noun,/ˈkerˌɡɪvər/,介護者、世話をする人,a person who looks after someone who needs help,高齢者・子ども・病人などを世話する人を指す。家族介護や医療制度の話題で使いやすい。,family caregiver / professional caregiver / support caregivers / caregiver burden,Many family caregivers face emotional and financial pressure.,多くの家族介護者は精神的・経済的な負担に直面している。,carer; caretaker; nursing assistant; support worker,Task 2のaging societyやhealthcareで便利。
17,masculine,adjective,/ˈmæskjəlɪn/,男性的な、男らしい,having qualities traditionally related to men,性別・文化・ステレオタイプの話題で使う。ややセンシティブな語なので、固定観念として述べる時は “traditionally” を入れると安全。,masculine image / masculine behaviour / traditionally masculine roles / masculine identity,"In some societies, leadership is still associated with traditionally masculine qualities.",一部の社会では、リーダーシップはいまだに伝統的に男性的とされる性質と結びつけられている。,male; manly; traditionally male; macho,Task 2でgender rolesを扱う時に使えるが、断定しすぎに注意。
18,aggression,noun,/əˈɡreʃən/,攻撃性、攻撃的行動,angry or violent behaviour,人や動物の攻撃的な態度・行動を表す。犯罪・教育・メディア暴力などの話題で使いやすい。,violent aggression / physical aggression / reduce aggression / aggression in children,Some people argue that violent video games may increase aggression in children.,一部の人々は、暴力的なビデオゲームが子どもの攻撃性を高める可能性があると主張する。,hostility; violence; anger; aggressiveness,Task 2のcrimeやchildren topicで使える。
19,achieve,verb,/əˈtʃiːv/,達成する、成し遂げる,to succeed in doing something,目標・成果・成功を得る時に使う基本動詞。“get” よりフォーマルで、IELTS Writingで非常に使いやすい。,achieve a goal / achieve success / achieve better results / achieve economic growth,Students can achieve better results if they receive regular feedback.,生徒は定期的なフィードバックを受ければ、より良い結果を達成できる。,accomplish; attain; reach; succeed in,Task 1・Task 2・Speakingすべてで使える重要語。
20,distinguish,verb,/dɪˈstɪŋɡwɪʃ/,区別する、見分ける,to recognize the difference between things,似ている物事の違いを認識する時に使う。Readingにもよく出るし、Writingでは “distinguish A from B” の形が便利。,distinguish A from B / clearly distinguish / difficult to distinguish / distinguish between ideas,It is important to distinguish facts from opinions in academic writing.,学術的な文章では、事実と意見を区別することが重要である。,differentiate; tell apart; recognize; separate,元の “distinguishe” はスペルミスなので “distinguish” が正しい。
21,cross-cultural,adjective,/ˌkrɔːs ˈkʌltʃərəl/,異文化間の,involving different cultures,複数の文化の間で起こる交流・理解・違いを表す。留学・国際ビジネス・移民の話題で使いやすい。,cross-cultural communication / cross-cultural understanding / cross-cultural exchange / cross-cultural differences,Cross-cultural communication skills are essential in international workplaces.,異文化間コミュニケーション能力は国際的な職場で不可欠である。,intercultural; multicultural; international; culture-based,Task 2のglobalisationやeducation topicで非常に便利。
22,insecurity,noun,/ˌɪnsɪˈkjʊrəti/,不安、自信のなさ、不安定さ,a feeling of not being confident or safe,個人の自信のなさにも、雇用や社会の不安定さにも使える。文脈によって意味が変わるので注意。,emotional insecurity / job insecurity / financial insecurity / feelings of insecurity,Job insecurity can negatively affect workers’ mental health.,雇用の不安定さは労働者の精神的健康に悪影響を与える可能性がある。,uncertainty; anxiety; instability; lack of confidence,Task 2のworkやmental healthで使いやすい。
23,head start,noun,/ˌhed ˈstɑːrt/,有利なスタート、先行する利点,an advantage at the beginning,他の人より早く始めることで得られる有利さを表す。教育・仕事・子どもの発達の話題で使いやすい。,give someone a head start / get a head start / have a head start / early head start,Children who read from an early age may have a head start at school.,幼い頃から読書をする子どもは、学校で有利なスタートを切れるかもしれない。,advantage; early advantage; benefit; lead,SpeakingやTask 2で自然に使える表現。
24,receptive,adjective,/rɪˈseptɪv/,受け入れやすい、理解を示す,willing to accept new ideas,新しい考え・提案・変化を受け入れる態度を表す。人の性格や社会の姿勢を説明する時に便利。,receptive to ideas / receptive to change / highly receptive / become more receptive,Young people are often more receptive to new technology.,若者は新しい技術をより受け入れやすいことが多い。,open-minded; willing; accepting; responsive,Task 2のtechnologyやeducation topicで使いやすい。
25,emphatic,adjective,/ɪmˈfætɪk/,強調された、断固とした,clear and forceful,“empathy” とは関係がなく、「強い口調の」「はっきりした」という意味。意見や返答が明確で強い時に使う。,emphatic statement / emphatic answer / emphatic rejection / be emphatic about something,The government made an emphatic statement about the need for reform.,政府は改革の必要性について断固とした声明を出した。,forceful; strong; clear; firm,“empathetic” と混同注意。IELTS Writingでは少し硬めの表現。
26,labour-intensive,adjective,/ˌleɪbər ɪnˈtensɪv/,労働集約的な、多くの人手を必要とする,needing a lot of human work,機械よりも人手を多く必要とする産業や作業に使う。経済・農業・製造業の話題で便利。,labour-intensive industry / labour-intensive work / labour-intensive farming / highly labour-intensive,Agriculture is still labour-intensive in many developing countries.,多くの発展途上国では、農業はいまだに労働集約的である。,manual; work-heavy; manpower-intensive; requiring much labour,Task 1のprocessやTask 2のwork・economyで使える。英国式スペルは labour。
27,vice versa,phrase,/ˌvaɪs ˈvɜːrsə/,逆もまた同じ、その逆も同様に,the opposite is also true,前に述べた関係が逆方向にも成り立つことを表す。便利だが、Writingで多用すると少し会話的に見えることもある。,A affects B and vice versa / true vice versa / and vice versa / influence each other vice versa,"Parents influence their children’s habits, and vice versa.",親は子どもの習慣に影響を与え、その逆もまた同様である。,the reverse is also true; conversely; the opposite is also true; in reverse,Speakingでは自然。Writingでは “the reverse is also true” の方が安全な場合もある。
28,versa,phrase,/ˈvɜːrsə/,単独ではほぼ使わない語,used only as part of “vice versa”,“versa” は普通、単独では使わず “vice versa” というセット表現で使う。単語として覚えるより、フレーズ全体で覚えるべき。,vice versa / not used alone / part of vice versa / learn vice versa as a phrase,The word “versa” is normally used only in the phrase “vice versa.”,“versa” という語は通常 “vice versa” という表現の中だけで使われる。,in reverse; the other way round; conversely; vice versa,単独でWritingに使わないこと。Ankiでは “vice versa” とセットで覚える。
29,futile,adjective,/ˈfjuːtl/,無駄な、効果のない,useless because it has no result,努力しても結果が出ない、意味がない時に使う。やや強い否定語なので、意見文では理由と一緒に使うと自然。,futile effort / futile attempt / seem futile / completely futile,It is futile to introduce new rules without proper enforcement.,適切な執行なしに新しい規則を導入しても無駄である。,useless; pointless; ineffective; unproductive,Task 2で反対意見を述べる時に使えるが、強い語なので使いすぎ注意。
30,assume,verb,/əˈsuːm/,仮定する、思い込む,to think something is true without proof,証拠が十分でないまま本当だと考える時に使う。Writingでは “It is often assumed that...” の形が便利。,assume that / commonly assume / wrongly assume / assume responsibility,"Many people assume that technology always improves education, but this is not necessarily true.",多くの人は技術が常に教育を改善すると考えているが、必ずしもそうではない。,suppose; presume; believe; take for granted,Task 2で一般的な考えを紹介してから反論する時に便利。
31,speculate,verb,/ˈspekjəleɪt/,推測する、憶測する,to guess without having enough evidence,十分な証拠がない状態で理由や結果を考える時に使う。Writingでは断定を避けたい時に便利だが、“guess” よりフォーマル。,speculate about the cause / speculate that / widely speculate / avoid speculating,It is difficult to speculate about the long-term effects of this policy.,この政策の長期的な影響について推測するのは難しい。,guess; suppose; assume; theorise,Task 2で慎重に意見を述べる時に便利。
32,urge,verb,/ɝːdʒ/,強く促す、勧める,to strongly advise or ask someone to do something,単なる “ask” より強く、行動を取るように求める時に使う。政府・専門家・団体が人々に何かを促す文でよく使う。,urge people to act / urge the government to / strongly urge / urge immediate action,Experts urge governments to invest more in renewable energy.,専門家は政府に再生可能エネルギーへさらに投資するよう強く促している。,encourage; press; call on; recommend,Task 2で “Experts urge...” “Governments should urge...” の形が使いやすい。
33,object to,phrase,/əbˈdʒekt tuː/,反対する、異議を唱える,to disagree with something,“object” は動詞では「反対する」という意味になり、必ず “to” が続く。“object to doing” の形に注意。,object to the plan / object to paying fees / strongly object to / object to the proposal,Some residents object to building a new airport near their homes.,一部の住民は自宅の近くに新しい空港を建設することに反対している。,oppose; disagree with; protest against; resist,Task 2で反対意見を説明する時に便利。“object to build” ではなく “object to building”。
34,concede,verb,/kənˈsiːd/,認める、譲歩する,to admit that something is true,自分に不利な点や相手の意見の一部を認める時に使う。Task 2で反対意見を一部認めてから自分の主張を述べる時に便利。,concede that / concede a point / reluctantly concede / concede defeat,It must be conceded that online learning is not suitable for every student.,オンライン学習がすべての生徒に適しているわけではないことは認めなければならない。,admit; acknowledge; accept; allow,Task 2で “It must be conceded that...” はかなり使える。
35,lingua franca,noun,/ˌlɪŋɡwə ˈfræŋkə/,共通語、国際共通語,a common language used by people who speak different native languages,母語が異なる人々の間で使われる共通語を指す。英語・グローバル化・教育の話題でよく使える。,global lingua franca / English as a lingua franca / serve as a lingua franca / international lingua franca,English is widely used as a lingua franca in international business.,英語は国際ビジネスで共通語として広く使われている。,common language; international language; shared language; bridge language,Task 2のlanguageやglobalisationの話題で便利。
36,empathy,noun,/ˈempəθi/,共感、他人の気持ちを理解する力,the ability to understand others’ feelings,“sympathy” が「かわいそうに思う」に近いのに対し、“empathy” は相手の立場に立って気持ちを理解する力。教育・人間関係・医療の話題で使いやすい。,show empathy / develop empathy / empathy for others / lack empathy,Reading fiction can help children develop empathy for others.,小説を読むことは、子どもが他人への共感力を育てるのに役立つ。,understanding; compassion; sensitivity; emotional awareness,Task 2のeducationやsocial skillsで非常に使いやすい。
37,interpretation skills,noun,/ɪnˌtɝːprəˈteɪʃən skɪlz/,解釈力、読み取る力,the ability to understand meaning,文章・データ・人の発言などの意味を正しく読み取る能力を表す。IELTS ReadingやWritingで「情報を理解する力」を説明する時に使える。,improve interpretation skills / strong interpretation skills / data interpretation skills / develop interpretation skills,Students need strong interpretation skills to understand complex texts.,学生は複雑な文章を理解するために高い解釈力が必要である。,analytical skills; comprehension skills; understanding; reading skills,ReadingやWriting Task 1のデータ読み取りに関連して使える。
38,reading comprehension,noun,/ˈriːdɪŋ ˌkɑːmprɪˈhenʃən/,読解力,the ability to understand written texts,文章を読んで内容・意図・細部を理解する力を表す。IELTS Readingの中心的な能力を説明する語。,improve reading comprehension / reading comprehension skills / test reading comprehension / poor reading comprehension,Regular reading can improve students’ reading comprehension.,定期的な読書は学生の読解力を向上させることができる。,text understanding; comprehension; literacy skills; reading ability,IELTS Readingの学習メモで重要。Writingでもeducation topicで使える。
39,social inequality,noun,/ˌsoʊʃəl ˌɪnɪˈkwɑːləti/,社会的不平等,unfair differences between social groups,収入・教育・医療・機会などにおける社会的な格差を表す。Task 2の貧困・教育・福祉・都市問題で非常に使いやすい。,reduce social inequality / increase social inequality / address social inequality / social inequality in education,Free education can help reduce social inequality.,無償教育は社会的不平等を減らすのに役立つ。,social gap; inequality; disparity; unfairness,Task 2でかなり使いやすい重要表現。
40,threaten,verb,/ˈθretən/,脅かす、危険にさらす,to put someone or something in danger,人を脅す意味もあるが、IELTSでは環境・健康・安全を「脅かす」という意味でよく使う。,threaten biodiversity / threaten public health / threaten survival / seriously threaten,Pollution can threaten the survival of many marine species.,汚染は多くの海洋生物の生存を脅かす可能性がある。,endanger; put at risk; jeopardise; harm,Task 2のenvironmentやhealthで使いやすい。
41,campaigns,noun,/kæmˈpeɪnz/,キャンペーン、運動,organized actions to achieve a goal,社会問題・政治・健康・環境などについて、人々の意識や行動を変えるための組織的な活動を指す。Task 2で解決策として使いやすい。,public awareness campaigns / environmental campaigns / health campaigns / launch campaigns,Governments should launch public awareness campaigns to reduce plastic waste.,政府はプラスチックごみを減らすために啓発キャンペーンを始めるべきである。,movements; initiatives; drives; public actions,Task 2のsolution paragraphで便利。
42,poaching,noun,/ˈpoʊtʃɪŋ/,密猟,illegal hunting or catching of animals,野生動物を違法に捕まえたり殺したりすること。環境・絶滅危惧種・法律の話題でよく出る。,illegal poaching / prevent poaching / poaching of elephants / anti-poaching measures,Poaching is one of the main reasons why some species are endangered.,密猟は一部の種が絶滅危惧状態にある主な理由の一つである。,illegal hunting; wildlife crime; animal trafficking; unlawful hunting,Task 2のwildlife protectionで重要。
43,habitat,noun,/ˈhæbɪtæt/,生息地、住みか,the natural home of a plant or animal,動植物が自然に暮らす場所を表す。環境問題では “habitat loss” が非常によく使われる。,natural habitat / habitat loss / destroy habitats / protect habitats,Deforestation destroys the natural habitats of many animals.,森林伐採は多くの動物の自然な生息地を破壊する。,environment; natural home; ecosystem; living area,Task 2のenvironmentで必須レベル。
44,degradation,noun,/ˌdeɡrəˈdeɪʃən/,悪化、劣化、低下,the process of becoming worse,環境・土地・品質・社会状況などが悪くなることを表すフォーマルな語。特に “environmental degradation” が頻出。,environmental degradation / land degradation / soil degradation / cause degradation,Industrial development can lead to environmental degradation if it is not controlled.,産業開発は管理されなければ環境劣化につながる可能性がある。,deterioration; decline; damage; worsening,Task 2のenvironmentでとても使いやすい。
45,surface runoff,noun,/ˈsɝːfɪs ˈrʌnɔːf/,表面流出、地表を流れる水,water that flows over the land surface,雨水や雪解け水が地面にしみ込まず、地表を流れる現象。環境・洪水・水質汚染の話題で使う専門寄りの語。,reduce surface runoff / polluted surface runoff / surface runoff from farms / increase surface runoff,Heavy rainfall can increase surface runoff and cause flooding.,大雨は表面流出を増やし、洪水を引き起こす可能性がある。,overland flow; runoff; rainwater flow; water flow,Task 2では環境問題で使えるが、少し専門的。
46,pioneer,noun,/ˌpaɪəˈnɪr/,先駆者、開拓者,a person who is one of the first to do something,新しい分野・技術・考え方を最初に始めた人や組織を指す。研究・技術・社会改革の話題で使える。,a pioneer in medicine / technology pioneer / educational pioneer / pioneer of renewable energy,Some countries have become pioneers in the development of clean energy.,一部の国はクリーンエネルギー開発の先駆者となっている。,innovator; forerunner; trailblazer; founder,SpeakingやTask 2で使えるが、人・国・会社など主語を明確にする。
47,runoff,noun,/ˈrʌnɔːf/,流出水、雨水の流出,water that flows away over land,雨や雪解け水が地表を流れて川や海に入ること。農薬・肥料・汚染物質が水に運ばれる文脈でよく使う。,agricultural runoff / polluted runoff / stormwater runoff / reduce runoff,Agricultural runoff can carry chemicals into rivers and lakes.,農業からの流出水は化学物質を川や湖に運ぶ可能性がある。,surface water flow; drainage; overflow; water runoff,environment topicで使える。surface runoffより少し広い表現。
48,crowd out,phrase,/kraʊd aʊt/,押しのける、締め出す,to force something out by taking its place,他のものが増えた結果、別のものの場所・時間・機会がなくなる時に使う。経済・教育・社会変化の話題で便利。,crowd out small businesses / crowd out local culture / crowd out investment / crowd out traditional jobs,Large supermarkets may crowd out small local shops.,大型スーパーは地元の小さな店を押しのける可能性がある。,displace; push out; replace; squeeze out,Task 2でglobalisationやeconomyの話題に使いやすい。
49,sawmill,noun,/ˈsɔːmɪl/,製材所,a place where logs are cut into wood,丸太を板材などに加工する施設を指す。日常語ではないが、森林・木材産業・バイオマスの文脈で使える。,local sawmill / timber sawmill / operate a sawmill / sawmill waste,Sawmill waste can be used as a source of biomass energy.,製材所の廃材はバイオマスエネルギー源として利用できる。,timber mill; wood-processing plant; lumber mill; wood mill,環境・バイオマス・産業の文脈で使える専門寄りの語。
50,ice cap,noun,/ˈaɪs kæp/,氷冠、広い氷の層,a large area of ice covering land,“icecap” とも書かれるが、一般的には “ice cap” と分けて書くことが多い。気候変動・海面上昇の話題で使いやすい。,melting ice caps / polar ice caps / shrink ice caps / ice cap loss,Melting ice caps contribute to rising sea levels.,氷冠の融解は海面上昇の一因となる。,glacier; ice sheet; polar ice; frozen cover,Task 2のclimate changeで便利。“ice sheet” はより大規模な氷床を指すことが多い。
51,desertification,noun,/dɪˌzɝːtɪfɪˈkeɪʃən/,砂漠化,the process by which land becomes desert,土地が乾燥し、農業や植物の成長に適さなくなること。環境問題・気候変動・農業の話題で使いやすい。,cause desertification / prevent desertification / soil desertification / desertification in dry areas,Climate change and overgrazing can accelerate desertification.,気候変動と過放牧は砂漠化を加速させる可能性がある。,land degradation; soil degradation; drying of land; environmental decline,Task 2のenvironment topicで非常に使いやすい。
52,estuary,noun,/ˈestʃueri/,河口、入り江,the wide part of a river where it meets the sea,川が海に流れ込む場所を指す。地理・環境・生態系の文脈で出る語で、日常会話よりReading向き。,river estuary / coastal estuary / estuary ecosystem / protect estuaries,Many birds and fish live in estuary ecosystems.,多くの鳥や魚は河口の生態系に生息している。,river mouth; coastal inlet; bay; wetland,Readingやenvironment topicで出やすい。Writingで無理に使う必要は少ない。
53,erosion,noun,/ɪˈroʊʒən/,浸食、侵食,the gradual wearing away of soil or land,水・風・波などによって土や岩が削られること。環境問題や農業被害を説明する時に便利。,soil erosion / coastal erosion / prevent erosion / erosion caused by rainfall,Deforestation can lead to serious soil erosion.,森林伐採は深刻な土壌侵食につながる可能性がある。,wearing away; land loss; soil loss; degradation,Task 2のenvironmentで使いやすい基本語。
54,strip mining,noun,/ˈstrɪp ˌmaɪnɪŋ/,露天掘り、表土をはがす採掘,a mining method that removes surface layers of land,地表の土や岩を取り除いて鉱物を採掘する方法。環境破壊・土地劣化の話題で使えるが、やや専門的。,strip mining operations / damage from strip mining / strip mining areas / regulate strip mining,Strip mining can destroy habitats and damage local landscapes.,露天掘りは生息地を破壊し、地域の景観に損害を与える可能性がある。,open-pit mining; surface mining; mining operation; excavation,Task 2のenvironmentやresource topicで使える。
55,interpersonal,adjective,/ˌɪntərˈpɝːsənəl/,対人関係の、人と人との,between people,人間関係やコミュニケーション能力について話す時に使う。仕事・教育・心理学の話題で便利。,interpersonal skills / interpersonal communication / interpersonal relationships / improve interpersonal ability,Good interpersonal skills are essential in the workplace.,良い対人スキルは職場で不可欠である。,social; relational; people-related; communication-based,SpeakingやTask 2のwork・education topicで使いやすい。
56,in the same vein,phrase,/ɪn ðə seɪm veɪn/,同じように、同じ流れで,in a similar way,前の内容と似た考えを続ける時に使う表現。ややフォーマルで、Writingでは段落内のつながりを作るのに役立つ。,"in the same vein, it can be argued / in the same vein, some people believe / continue in the same vein / argue in the same vein","In the same vein, schools should teach students how to manage stress.",同じように、学校は生徒にストレス管理の方法を教えるべきである。,similarly; likewise; in a similar way; along the same lines,Task 2で使えるが、多用せず “Similarly” と使い分けるとよい。
57,betterment,noun,/ˈbetərmənt/,改善、向上,the process of improving something,“improvement” より少し硬く、社会や人々の生活を良くする文脈で使われる。少し古め・フォーマルなので使いすぎ注意。,social betterment / personal betterment / betterment of society / work for betterment,Education can contribute to the betterment of society.,教育は社会の改善に貢献できる。,improvement; progress; advancement; development,Task 2で使えるが、自然さでは “improvement” の方が安全。
58,self-awareness,noun,/ˌself əˈwernəs/,自己認識、自分を理解する力,the ability to understand your own feelings and behaviour,自分の感情・強み・弱み・行動を理解する力。教育・仕事・メンタルヘルスの話題で使いやすい。,develop self-awareness / improve self-awareness / strong self-awareness / lack self-awareness,Self-awareness helps students understand their strengths and weaknesses.,自己認識は学生が自分の強みと弱みを理解するのに役立つ。,self-understanding; self-knowledge; personal insight; awareness of oneself,Task 2のeducationやpersonal developmentで便利。
59,emotional intelligence,noun,/ɪˈmoʊʃənəl ɪnˈtelɪdʒəns/,感情知能、感情を理解し管理する力,the ability to understand and manage emotions,自分や他人の感情を理解し、適切に対応する力。教育・職場・人間関係の話題で非常に使いやすい。,develop emotional intelligence / high emotional intelligence / emotional intelligence skills / improve emotional intelligence,Emotional intelligence can help people communicate more effectively.,感情知能は人々がより効果的にコミュニケーションを取るのに役立つ。,emotional awareness; social intelligence; empathy; emotional control,Task 2のeducation・work・relationship topicで使える。
60,reflective thinking,noun,/rɪˈflektɪv ˈθɪŋkɪŋ/,内省的思考、振り返って考える力,thinking carefully about experiences and actions,自分の経験や行動を振り返り、改善につなげる考え方。教育・学習・自己成長の文脈で使いやすい。,encourage reflective thinking / develop reflective thinking / reflective thinking skills / promote reflective thinking,Teachers can encourage reflective thinking through journals and discussions.,教師は日記や議論を通して内省的思考を促すことができる。,critical reflection; self-reflection; thoughtful analysis; deep thinking,Task 2のeducation topicで便利。
61,adulthood,noun,/əˈdʌlthʊd/,成人期、大人である時期,the period of being an adult,子ども時代と対比して、大人として生活する時期を指す。教育・成長・責任の話題で使いやすい。,enter adulthood / prepare for adulthood / early adulthood / transition to adulthood,Schools should prepare young people for adulthood.,学校は若者が成人期に備えられるようにすべきである。,adult life; maturity; grown-up life; adult years,SpeakingやTask 2のeducation・family topicで使いやすい。
62,dominance,noun,/ˈdɑːmənəns/,支配、優位,dominant power or control,人・国・企業・考え方などが他より強い影響力を持つ状態を表す。やや硬い語で、経済・社会・文化の話題で使える。,market dominance / male dominance / economic dominance / dominance over others,The dominance of large companies can make it difficult for small businesses to survive.,大企業の支配的地位は、小規模企業が生き残ることを難しくする可能性がある。,control; superiority; power; influence,Task 2のbusiness・gender・society topicで使える。
63,elementary education,noun,/ˌeləˈmentəri ˌedʒuˈkeɪʃən/,初等教育、基礎教育,education for young children,主に小学校段階の教育を指す。国によって制度が違うため、Writingでは “primary education” の方が一般的な場合もある。,elementary education system / access to elementary education / improve elementary education / elementary education level,Elementary education plays an important role in developing basic literacy skills.,初等教育は基本的な読み書き能力を育てる上で重要な役割を果たす。,primary education; basic education; early schooling; grade-school education,Task 2のeducation topicで使える。“primary education” も覚えるとよい。
64,secondary education,noun,/ˈsekənderi ˌedʒuˈkeɪʃən/,中等教育、中学・高校段階の教育,education after primary school and before university,小学校の後、大学の前の教育段階を指す。国によって中学・高校の区分は異なる。,secondary education system / complete secondary education / access to secondary education / secondary education level,Access to secondary education can improve young people’s job opportunities.,中等教育へのアクセスは若者の就職機会を改善できる。,high school education; post-primary education; middle and high school education,Task 2のeducation・employment topicで使える。
65,tertiary / higher education,noun,/ˈtɝːʃieri ˌedʒuˈkeɪʃən/,高等教育、大学以上の教育,education at university or college level,大学・専門学校・大学院など、小中高の後の教育を指す。IELTSでは “higher education” がかなり使いやすい。,access to higher education / tertiary education institutions / pursue higher education / higher education system,Higher education can provide students with specialised knowledge and skills.,高等教育は学生に専門的な知識と技能を与えることができる。,university education; college education; post-secondary education; advanced education,Task 2のeducation topicで頻出。“tertiary education” はややフォーマル。
66,overdue,adjective,/ˌoʊvərˈduː/,期限を過ぎた、遅れている,late or not done by the expected time,支払い・提出物・予定されていた変化などが期限を過ぎている時に使う。“long overdue” は「とっくに必要だった」という意味で便利。,overdue payment / overdue assignment / long overdue / overdue reform,The reform of the education system is long overdue.,教育制度の改革はとっくに必要とされていた。,late; delayed; past due; behind schedule,SpeakingやTask 2で “long overdue” が使いやすい。
67,patch,noun,/pætʃ/,小区画、つぎ当て、一部分,a small area or piece of something,地図では「小さな土地・緑地の区画」という意味で使える。日常では服のつぎ当てやソフトウェア修正の意味もある。,a patch of land / a patch of grass / a small patch / patch update,A small patch of grass was added near the entrance.,入口の近くに小さな芝生の区画が追加された。,area; piece; section; plot,Task 1 mapで “a patch of grass/woodland” が便利。
68,cemetery,noun,/ˈseməteri/,墓地,a place where dead people are buried,墓が集まっている場所を指す。地図問題や町の施設の説明で出ることがある。,old cemetery / local cemetery / cemetery area / near the cemetery,The cemetery was located to the east of the church.,墓地は教会の東側に位置していた。,graveyard; burial ground; churchyard; memorial ground,Task 1 mapで位置説明に使える。
69,winding,adjective,/ˈwaɪndɪŋ/,曲がりくねった,"not straight, with many bends",道路・川・小道などがまっすぐではなく曲がっている様子を表す。Task 1 mapで道路や川の形を描写する時に便利。,a winding road / a winding path / a winding river / winding streets,A winding road ran through the village from north to south.,曲がりくねった道路が村を北から南へ通っていた。,curved; twisting; meandering; bendy,Task 1 mapでかなり使いやすい。
70,repurposing,noun,/ˌriːˈpɝːpəsɪŋ/,用途変更、別目的への転用,using something for a new purpose,建物や土地を元の目的とは違う用途に変えること。Task 1 mapで「施設が別用途に変わった」と言いたい時に使える。,repurposing old buildings / repurposing land / repurposing a factory / urban repurposing,The repurposing of the old factory created a new community centre.,古い工場の用途変更により、新しいコミュニティセンターが作られた。,conversion; reuse; redevelopment; adaptation,Task 1 mapで便利だが、“was converted into” の方が簡単で安全。
71,alteration,noun,/ˌɔːltəˈreɪʃən/,変更、改変,a change made to something,建物・服・計画・制度などに加えられた変更を表す。Task 1 mapで「建物や道路に変更が加えられた」と言いたい時に使える。,make alterations / minor alterations / structural alterations / alterations to a building,The map shows several alterations to the town centre.,地図は町の中心部にいくつかの変更があったことを示している。,change; modification; adjustment; revision,Task 1 mapで便利。“change” より少しフォーマル。
72,numerically,adverb,/nuːˈmerɪkli/,数値的に、数字の上では,in terms of numbers,数や割合の面から比較する時に使う。少し硬い表現なので、Task 1で「数値上は」と説明する時に使える。,numerically higher / numerically smaller / compare numerically / rank numerically,"Numerically, petrol cars remained the largest category in 2020.",数値的には、2020年もガソリン車が最大のカテゴリーであり続けた。,in numbers; statistically; quantitatively; by number,Task 1で使えるが、“in terms of numbers” の方が安全な場合もある。
73,midway through the period,phrase,/ˌmɪdˈweɪ θruː ðə ˈpɪriəd/,期間の中頃に,in the middle of the period,Task 1で期間の途中、特にグラフの変化を説明する時に使える便利表現。“in the middle of the period” より自然でアカデミック。,midway through the period / midway through the decade / rise midway through the period / peak midway through the period,Sales reached their highest point midway through the period.,売上は期間の中頃に最高点に達した。,in the middle of the period; halfway through the period; by the middle; at the midpoint,Task 1 line graphやbar chartでかなり使いやすい。
74,outnumber,verb,/ˌaʊtˈnʌmbər/,数で上回る,to be greater in number than another group,あるグループの人数・数が別のグループより多い時に使う。比較を簡潔に書けるため、Task 1やTask 2で便利。,outnumber men / outnumber women / outnumber cars / greatly outnumber,"In many cities, private cars outnumber public buses.",多くの都市では、自家用車の数が公共バスを上回っている。,exceed; be more numerous than; surpass; be greater than,Task 1で “A outnumbered B” と書けると比較が簡単。
75,variation,noun,/ˌveriˈeɪʃən/,変化、ばらつき、違い,a difference or change,数値・種類・地域差などの「ばらつき」を表す。Task 1ではデータの違い、Task 2では人や文化の違いを説明する時に使える。,regional variation / considerable variation / variation in price / show variation,There was considerable variation in the amount of time people spent online.,人々がオンラインで過ごす時間にはかなりのばらつきがあった。,difference; change; fluctuation; diversity,Task 1で “variation in...” として使いやすい。
76,conventional,adjective,/kənˈvenʃənəl/,従来の、伝統的な、一般的な,traditional or commonly accepted,新しい方法と対比して、昔から一般的に使われている方法や考え方を表す。Task 2でtechnologyやeducationの話題に使いやすい。,conventional methods / conventional education / conventional farming / conventional wisdom,Online learning is different from conventional classroom education.,オンライン学習は従来の教室での教育とは異なる。,traditional; standard; usual; established,Task 2で「従来型の方法」と言いたい時に便利。
77,customary,adjective,/ˈkʌstəmeri/,慣習的な、いつもの,usual according to custom,文化や社会の習慣として普通に行われることを表す。日常的な “usual” より、伝統・文化とのつながりが強い。,customary practice / customary greeting / customary behaviour / customary rules,It is customary in some cultures to eat together with extended family.,一部の文化では、親戚を含めた家族で一緒に食事をするのが慣習である。,traditional; usual; habitual; conventional,Task 2のculture topicで使えるが、“traditional” の方が簡単で安全。
78,cuisine,noun,/kwɪˈziːn/,料理、料理文化,a style of cooking,国や地域の料理スタイルを表す語。“food” よりフォーマルで、文化や観光の話題で使いやすい。,local cuisine / traditional cuisine / Japanese cuisine / international cuisine,Tourists often visit the country to experience its local cuisine.,観光客はその国の郷土料理を体験するためによく訪れる。,food; cooking style; dishes; culinary tradition,Speakingのfood topicやTask 2のculture topicで便利。
79,household chores,noun,/ˈhaʊshoʊld tʃɔːrz/,家事、家庭内の雑用,routine tasks done at home,掃除・洗濯・料理など、家庭で行う日常的な作業を指す。Speaking Part 1やTask 2のfamily/work-life balanceで使いやすい。,do household chores / share household chores / reduce household chores / daily household chores,Technology can reduce the time people spend on household chores.,テクノロジーは人々が家事に費やす時間を減らすことができる。,housework; domestic tasks; home duties; daily chores,Speakingでかなり使いやすい自然表現。
80,meal kit,noun,/ˈmiːl kɪt/,ミールキット、調理セット,a set of ingredients and recipes for cooking,必要な食材とレシピがセットになったサービスや商品を指す。現代の生活・時短・食文化の話題で使える。,meal kit delivery / use a meal kit / meal kit service / convenient meal kits,Meal kits are popular among busy workers because they save time.,ミールキットは時間を節約できるため、忙しい労働者の間で人気がある。,cooking kit; recipe box; prepared ingredient set; food kit,SpeakingやTask 2のmodern lifestyle topicで使える。
81,fast-paced,adjective,/ˌfæst ˈpeɪst/,テンポの速い、慌ただしい,moving or changing quickly,生活・仕事・都市などが速いスピードで動く様子を表す。現代社会の説明で使いやすい。,fast-paced lifestyle / fast-paced society / fast-paced work environment / fast-paced city,"In a fast-paced society, many people rely on convenience food.",テンポの速い社会では、多くの人が便利な食品に頼っている。,busy; rapid; quick-moving; hectic,Task 2のmodern lifeやwork topicで便利。
82,time-consuming,adjective,/ˈtaɪm kənsuːmɪŋ/,時間のかかる,taking a lot of time,多くの時間が必要な作業を表す。家事・勉強・通勤・手続きなど幅広く使える。,time-consuming task / time-consuming process / too time-consuming / less time-consuming,Cooking from scratch can be time-consuming for people with full-time jobs.,一から料理することは、フルタイムで働く人にとって時間がかかる場合がある。,lengthy; slow; taking much time; laborious,SpeakingとTask 2で非常に使いやすい。
83,admittedly,adverb,/ədˈmɪtɪdli/,確かに、認めるところでは,used to admit something is true,自分の主張と反対になる事実を一部認める時に使う。Task 2で譲歩文を作るのに便利。,admittedly difficult / admittedly important / admittedly expensive / admittedly true,"Admittedly, traditional cooking can be time-consuming, but it helps preserve culture.",確かに伝統的な料理は時間がかかるが、文化を守るのに役立つ。,certainly; it is true that; admittedly speaking; to be fair,"Task 2で “Admittedly, ..., but ...” の形が使いやすい。"
84,heritage,noun,/ˈherɪtɪdʒ/,遺産、伝統文化,cultural traditions passed from the past,過去から受け継がれた文化・建物・習慣・価値観を表す。cultureやtourismの話題でとても使いやすい。,cultural heritage / preserve heritage / national heritage / heritage sites,Traditional cuisine is an important part of cultural heritage.,伝統料理は文化遺産の重要な一部である。,tradition; legacy; cultural inheritance; historical value,Task 2のculture topicで非常に便利。
85,reinforce,verb,/ˌriːɪnˈfɔːrs/,強化する、補強する,to make something stronger,考え・習慣・規則・構造などをより強くする時に使う。物理的な補強だけでなく、社会的な価値観にも使える。,reinforce stereotypes / reinforce rules / reinforce learning / reinforce social values,Family meals can reinforce strong relationships between family members.,家族での食事は家族間の強い関係を強化することができる。,strengthen; support; enhance; consolidate,Task 2で “reinforce values/stereotypes/relationships” が便利。
86,additive,noun,/ˈædətɪv/,添加物,a substance added to food or products,食品や製品に保存・色付け・味付けなどの目的で加えられる物質を指す。健康や食品産業の話題で使いやすい。,food additives / artificial additives / chemical additives / avoid additives,Some consumers try to avoid food products that contain artificial additives.,一部の消費者は人工添加物を含む食品を避けようとする。,added substance; preservative; chemical ingredient; supplement,Task 2のhealthやfood topicで便利。
87,weaken,verb,/ˈwiːkən/,弱める、弱くなる,to make something less strong,体・制度・関係・主張などが弱くなる、または弱くする時に使う。“strengthen” の反対語として覚えると便利。,weaken the immune system / weaken relationships / weaken an argument / weaken traditional values,Excessive use of convenience food may weaken traditional cooking skills.,便利な食品を過度に使うことは、伝統的な料理技術を弱める可能性がある。,reduce; undermine; diminish; damage,Task 2でcause/effectを説明する時に使いやすい。
88,prevalent,adjective,/ˈprevələnt/,広く見られる、普及している,common in a particular place or time,ある問題・習慣・病気・考え方が社会で広く見られる時に使う。 “common” よりフォーマル。,prevalent among young people / increasingly prevalent / prevalent in society / prevalent problem,Convenience food has become increasingly prevalent in urban areas.,便利な食品は都市部でますます広く見られるようになっている。,common; widespread; widespreadly seen; frequent,Task 2で “increasingly prevalent” がかなり使いやすい。
89,preservative,noun,/prɪˈzɝːvətɪv/,保存料,a substance that keeps food from going bad,食品が腐るのを防ぐために加えられる物質。添加物の一種で、健康・加工食品の話題で使える。,food preservatives / artificial preservatives / contain preservatives / avoid preservatives,Processed foods often contain preservatives to extend their shelf life.,加工食品は賞味期限を延ばすために保存料を含むことが多い。,additive; food chemical; preserving agent; artificial ingredient,Task 2のhealthやfood topicで便利。“preserve” とセットで覚える。
90,calorie,noun,/ˈkæləri/,カロリー、熱量,a unit of energy in food,食品から得られるエネルギー量を表す。健康・食生活・肥満の話題でよく使う。“high-calorie” も重要。,high-calorie food / calorie intake / burn calories / reduce calories,People who eat too many high-calorie foods may gain weight.,高カロリー食品を食べすぎる人は体重が増える可能性がある。,energy unit; food energy; nutritional energy; kilocalorie,Task 2のhealth topicで使いやすい。“calorie intake” は重要コロケーション。
91,ingredient,noun,/ɪnˈɡriːdiənt/,材料、成分,one part of a food or mixture,料理の材料だけでなく、成功や問題を構成する「要素」という意味でも使える。食品・健康・文化の話題で使いやすい。,natural ingredients / fresh ingredients / artificial ingredients / key ingredient,Traditional dishes often use fresh local ingredients.,伝統料理は新鮮な地元の材料をよく使う。,component; element; material; substance,Speakingのfood topicやTask 2のhealth topicで便利。
92,constitute,verb,/ˈkɑːnstətuːt/,構成する、〜に当たる,to form or make up something,“make up” よりフォーマルで、割合や要素が全体を構成する時に使う。Task 1で「Aが全体の何％を占める」と言いたい時に便利。,constitute a large proportion / constitute the majority / constitute part of / constitute a risk,Women constituted the majority of students in the course.,女性がそのコースの学生の大多数を占めていた。,make up; form; comprise; represent,Task 1で “A constituted X% of...” と使える。
93,age brackets,noun,/ˈeɪdʒ ˌbrækɪts/,年齢層、年齢区分,age groups used for comparison,統計やグラフで人々を年齢ごとに分ける時に使う。Task 1で年齢別データを説明する時に非常に便利。,different age brackets / younger age brackets / older age brackets / across all age brackets,People in the older age brackets spent more time watching television.,高い年齢層の人々はテレビを見る時間がより長かった。,age groups; age categories; age ranges; age bands,Task 1のbar chartやtableでかなり使いやすい。
94,midway,adverb,/ˌmɪdˈweɪ/,中間で、途中で,in the middle of a period or place,期間・距離・過程のちょうど中間を表す。Task 1では “midway through the period” の形で使いやすい。,midway through the period / midway through the year / stop midway / reach midway,The figure peaked midway through the period before declining.,その数値は期間の中頃に最高点に達した後、減少した。,halfway; in the middle; at the midpoint; halfway through,Task 1の時系列グラフで便利。
95,ill-equipped,adjective,/ˌɪl ɪˈkwɪpt/,十分な準備ができていない、設備が不十分な,not properly prepared or supplied,人・学校・病院・政府などが、必要な知識・設備・資源を持っていない時に使う。少しフォーマルでTask 2向き。,ill-equipped to deal with / ill-equipped schools / ill-equipped hospitals / ill-equipped for emergencies,Many rural schools are ill-equipped to provide digital education.,多くの地方の学校はデジタル教育を提供するための設備が十分ではない。,unprepared; poorly equipped; under-resourced; not ready,Task 2のeducation・healthcare・disaster topicで使いやすい。
96,casualty,noun,/ˈkæʒuəlti/,死傷者、犠牲者,a person injured or killed in an accident or war,事故・災害・戦争などでけがをした人や亡くなった人を指す。社会問題やニュース系のReadingでよく出る。,civilian casualties / high casualties / reduce casualties / casualty figures,The earthquake caused many casualties in coastal areas.,その地震は沿岸地域で多くの死傷者を出した。,victim; injured person; fatality; loss,Writingで使う場合は重い内容に限定する。
97,marginally,adverb,/ˈmɑːrdʒɪnəli/,わずかに、少しだけ,slightly or by a small amount,Task 1で数値の差が小さい時に使える。“slightly” より少しフォーマル。,marginally higher / marginally lower / increase marginally / marginally different,The proportion of men was marginally higher than that of women.,男性の割合は女性の割合よりわずかに高かった。,slightly; a little; minimally; narrowly,Task 1で小さな差を表す時に便利。
98,pronounced,adjective,/prəˈnaʊnst/,顕著な、はっきりした,very noticeable or clear,変化・違い・傾向が明確に見られる時に使う。“big” よりアカデミックでTask 1に向いている。,pronounced difference / pronounced increase / pronounced decline / more pronounced,The decline was more pronounced among younger people.,その減少は若者の間でより顕著だった。,noticeable; marked; significant; clear,Task 1で “a pronounced increase/decline” が便利。
99,compostable,adjective,/kəmˈpoʊstəbl/,堆肥化できる,able to break down into compost,食品容器や包装が堆肥として分解できることを表す。環境・廃棄物・プラスチック問題で使える。,compostable packaging / compostable materials / compostable waste / fully compostable,Compostable packaging can reduce the amount of plastic waste sent to landfills.,堆肥化可能な包装は埋立地に送られるプラスチックごみの量を減らせる。,biodegradable; decomposable; eco-friendly; organic,Task 2のenvironment topicで便利。ただし “biodegradable” と完全に同じではない。
100,dumping,noun,/ˈdʌmpɪŋ/,投棄、不法投棄,throwing waste somewhere illegally or carelessly,ごみや有害物質を適切に処理せず捨てることを表す。環境汚染の原因としてTask 2で使いやすい。,illegal dumping / waste dumping / dumping sites / dumping of chemicals,Illegal dumping can contaminate soil and water.,不法投棄は土壌や水を汚染する可能性がある。,disposal; throwing away; littering; waste discharge,Task 2のpollution topicで便利。
101,disposal,noun,/dɪˈspoʊzəl/,処分、廃棄,the act of getting rid of waste,ごみ・廃棄物・不要物を処理すること。環境問題では “waste disposal” が非常に重要。,waste disposal / safe disposal / proper disposal / disposal of plastic,Proper waste disposal is necessary to protect the environment.,環境を守るためには適切な廃棄物処理が必要である。,waste management; removal; discarding; treatment,Task 2のenvironmentで必須表現。
102,versatility,noun,/ˌvɝːsəˈtɪləti/,多用途性、応用力,the ability to be used in many ways,物・技術・人の能力が多くの場面で使えることを表す。製品・スキル・素材の説明に便利。,high versatility / versatility of technology / versatility in use / great versatility,The versatility of smartphones makes them useful for both work and study.,スマートフォンの多用途性により、仕事にも勉強にも役立つ。,flexibility; adaptability; usefulness; multifunctionality,Task 2のtechnologyやwork topicで使える。
103,remedied,verb,/ˈremədid/,改善された、解決された,fixed or improved,“remedy” の過去形・過去分詞で、問題や欠点が改善された時に使う。ややフォーマルで、Writingでは受動態でよく使える。,be remedied / easily remedied / remedied by policy / problems remedied by education,This problem can be remedied by stricter waste management policies.,この問題はより厳しい廃棄物管理政策によって改善できる。,fixed; solved; corrected; improved,Task 2で “can be remedied by...” が使いやすい。
104,decomposable,adjective,/ˌdiːkəmˈpoʊzəbl/,分解可能な,able to break down naturally,物質が自然に分解される性質を表す。環境・包装・廃棄物の話題で使えるが、日常的には “biodegradable” の方が一般的。,decomposable materials / decomposable waste / easily decomposable / decomposable packaging,Decomposable materials are less harmful to the environment than conventional plastics.,分解可能な素材は従来のプラスチックより環境への害が少ない。,biodegradable; compostable; degradable; breakable down,Task 2では “biodegradable” の方が自然な場合が多い。
105,petroleum,noun,/pəˈtroʊliəm/,石油、原油,oil found underground and used as fuel,燃料やプラスチック原料として使われる天然資源を表す。環境・エネルギー・産業の話題で重要。,petroleum products / petroleum-based plastics / petroleum industry / petroleum consumption,Petroleum-based plastics are difficult to replace completely.,石油由来のプラスチックを完全に置き換えることは難しい。,oil; crude oil; fossil fuel; mineral oil,Task 2のenergyやenvironment topicで使いやすい。
106,biodegradable,adjective,/ˌbaɪoʊdɪˈɡreɪdəbl/,生分解性の,naturally broken down by living organisms,微生物などによって自然に分解される性質を表す。プラスチックや包装材の環境対策でよく使う。,biodegradable plastic / biodegradable packaging / biodegradable materials / fully biodegradable,Biodegradable plastics may help reduce long-term environmental damage.,生分解性プラスチックは長期的な環境被害を減らすのに役立つ可能性がある。,decomposable; compostable; degradable; eco-friendly,Task 2のenvironment topicで非常に使いやすい。
107,countermeasure,noun,/ˈkaʊntərmeʒər/,対策、対抗策,an action taken to prevent a problem,問題・危険・災害・犯罪などに対して取る具体的な対策を表す。少しフォーマルで、Task 2の解決策に使いやすい。,effective countermeasures / take countermeasures / countermeasures against pollution / policy countermeasures,Governments should take countermeasures against plastic pollution.,政府はプラスチック汚染に対する対策を取るべきである。,measure; solution; response; preventive action,Task 2のsolution paragraphで便利。
108,mismanage,verb,/ˌmɪsˈmænɪdʒ/,管理を誤る、不適切に扱う,to manage something badly,資金・資源・廃棄物・組織などを適切に管理できない時に使う。問題の原因を説明する時に便利。,mismanage waste / mismanage resources / mismanage funds / badly mismanage,"If waste is mismanaged, it can cause serious environmental problems.",廃棄物が不適切に管理されると、深刻な環境問題を引き起こす可能性がある。,handle poorly; manage badly; misuse; mishandle,Task 2で原因説明に使える。“mismanaged waste” も重要。
109,existent,adjective,/ɪɡˈzɪstənt/,存在している,existing or real,「存在している」という意味だが、日常やIELTS Writingでは “existing” の方が自然。特定の文脈以外では無理に使わない方がよい。,existent problems / existent laws / barely existent / non-existent support,Support for recycling is almost non-existent in some areas.,一部の地域ではリサイクルへの支援がほとんど存在しない。,existing; present; real; actual,“existent” 単独より “non-existent” の形の方がよく使われる。
110,policymaker,noun,/ˈpɑːləsiˌmeɪkər/,政策立案者,a person who makes government policy,政府や組織で政策を作る人を指す。Task 2で政府の対応や社会制度について書く時に非常に使いやすい。,government policymakers / policymakers should / inform policymakers / influence policymakers,Policymakers should encourage companies to reduce plastic waste.,政策立案者は企業にプラスチックごみの削減を促すべきである。,lawmaker; decision-maker; government official; policy planner,Task 2で “policymakers should...” の形が便利。
111,irrespective,adjective,/ˌɪrɪˈspektɪv/,〜に関係なく、〜を問わず,regardless of something,通常は “irrespective of...” の形で使う。年齢・性別・背景などに関係なく同じ扱いをする時に便利で、Task 2の公平性の話題に向いている。,irrespective of age / irrespective of gender / irrespective of background / irrespective of income,All children should have access to education irrespective of their family income.,すべての子どもは家庭の収入に関係なく教育を受けられるべきである。,regardless of; regardless; no matter; independent of,Task 2で “irrespective of...” として使う。単独では使いにくい。
112,disseminate,verb,/dɪˈsemɪneɪt/,広める、普及させる,to spread information or ideas,情報・知識・研究結果などを広く伝える時に使うフォーマルな語。“spread” より学術的でWriting向き。,disseminate information / disseminate knowledge / disseminate research findings / widely disseminate,Governments should disseminate accurate information during public health crises.,政府は公衆衛生上の危機の際に正確な情報を広めるべきである。,spread; circulate; distribute; publicise,Task 2のeducation・media・health topicで使える。
113,fraudulently,adverb,/ˈfrɔːdʒələntli/,不正に、詐欺的に,in a dishonest or illegal way,詐欺や不正行為によって何かを行う時に使う。法律・犯罪・金融の文脈で使う硬めの語。,fraudulently obtain / fraudulently claim / fraudulently use / act fraudulently,Some people fraudulently claim government benefits.,一部の人々は政府の給付金を不正に請求する。,illegally; dishonestly; deceptively; unlawfully,犯罪・法律系Readingで出やすい。Writingでは必要な時だけ使う。
114,infringement,noun,/ɪnˈfrɪndʒmənt/,侵害、違反,a violation of a law or right,法律・権利・著作権・規則を侵害することを表す。特に “copyright infringement” がよく使われる。,copyright infringement / infringement of rights / patent infringement / serious infringement,Downloading films illegally can be considered copyright infringement.,映画を違法にダウンロードすることは著作権侵害と見なされる可能性がある。,violation; breach; offence; transgression,Task 2のtechnology・law・media topicで使える。
115,diversified,adjective,/daɪˈvɝːsəfaɪd/,多様化した、分散された,made more varied,経済・産業・投資・スキルなどが一つに依存せず、多様な要素を持つ状態を表す。フォーマルでTask 2向き。,diversified economy / diversified skills / diversified industries / highly diversified,A diversified economy is less vulnerable to global market changes.,多様化した経済は世界市場の変化に対して影響を受けにくい。,varied; broadened; expanded; mixed,Task 2のeconomyやemployment topicで便利。
116,robbery,noun,/ˈrɑːbəri/,強盗、強奪,the crime of stealing by force,“theft” は単なる盗みだが、“robbery” は暴力や脅しを伴う盗みを指す。犯罪トピックで重要。,armed robbery / bank robbery / street robbery / commit robbery,The city introduced more street cameras to reduce robbery.,その都市は強盗を減らすために街頭カメラを増やした。,theft; stealing; burglary; violent crime,Task 2のcrime topicで使える。“robbery” と “burglary” の違いに注意。
117,academically,adverb,/ˌækəˈdemɪkli/,学業面で、学問的に,in relation to study or education,学校での成績や学問的な能力について述べる時に使う。SpeakingやTask 2の教育トピックで便利。,perform academically / academically successful / academically gifted / struggle academically,Students who sleep well tend to perform better academically.,よく眠る学生は学業面でより良い成績を収める傾向がある。,educationally; intellectually; scholastically; in studies,Task 2のeducation topicで “perform academically” が使いやすい。
118,vandalism,noun,/ˈvændəlɪzəm/,器物破損、公共物破壊,deliberate damage to public or private property,壁の落書きや公共物の破壊など、意図的に物を壊す犯罪を指す。都市問題や若者の犯罪の話題で使える。,acts of vandalism / prevent vandalism / vandalism in public places / reduce vandalism,Better lighting in public areas may help reduce vandalism.,公共エリアの照明を改善することは器物破損を減らすのに役立つかもしれない。,property damage; destruction; graffiti; public disorder,Task 2のcrimeやurban problemsで使える。
119,dysfunctional,adjective,/dɪsˈfʌŋkʃənəl/,正常に機能していない、機能不全の,not working properly,家族・組織・制度などが本来の役割を果たしていない時に使う。やや強い否定語なので、理由を添えると自然。,dysfunctional family / dysfunctional system / dysfunctional organisation / become dysfunctional,A dysfunctional education system can limit children’s opportunities.,機能不全の教育制度は子どもの機会を制限する可能性がある。,broken; ineffective; poorly functioning; flawed,Task 2のfamily・education・government topicで使える。
120,leniently,adverb,/ˈliːniəntli/,寛大に、甘く,in a not strict way,罰や規則の適用が厳しくない時に使う。“too leniently” は犯罪・教育の話題で便利。,treat leniently / punish leniently / deal with leniently / too leniently,Young offenders should not always be treated too leniently.,若い犯罪者が常に甘く扱われるべきではない。,mildly; gently; forgivingly; not strictly,Task 2のcrime topicで使える。“lenient” の副詞形。
121,recidivism,noun,/rɪˈsɪdɪvɪzəm/,再犯、再犯傾向,repeated criminal behaviour,犯罪者が刑罰後に再び犯罪を犯すことを指す専門的な語。Crime topicで高得点語彙になり得るが、使い方は限定的。,reduce recidivism / high recidivism rates / prevent recidivism / recidivism among offenders,Education programs in prison may help reduce recidivism.,刑務所内の教育プログラムは再犯を減らすのに役立つ可能性がある。,reoffending; repeat offending; relapse into crime; repeated crime,Task 2のcrime and punishmentで便利。
122,unlawful,adjective,/ʌnˈlɔːfəl/,違法な、法律に反する,against the law,“illegal” とほぼ同じだが、ややフォーマルで法律文脈に向く。行為・侵入・使用などに使える。,unlawful activity / unlawful behaviour / unlawful entry / unlawful use,The unlawful dumping of waste should be punished more strictly.,廃棄物の違法投棄はより厳しく罰せられるべきである。,illegal; illicit; prohibited; against the law,Task 2のcrime・environment topicで使える。
123,industrial performance,noun,/ɪnˈdʌstriəl pərˈfɔːrməns/,産業実績、産業の成果,how well an industry performs,産業全体の生産性・成長率・収益性などを表す表現。経済や産業政策の文脈で使うフォーマルな表現。,improve industrial performance / strong industrial performance / weak industrial performance / measure industrial performance,Investment in technology can improve industrial performance.,技術への投資は産業実績を向上させることができる。,industrial productivity; economic performance; manufacturing output; sector performance,Task 2のeconomy topicで使えるが、少し硬め。
124,national output,noun,/ˈnæʃənəl ˈaʊtpʊt/,国全体の生産量、国内総生産に近い概念,the total production of a country,国全体が生み出す財やサービスの量を指す。経済成長や生産性の話題で使える。,increase national output / national output growth / measure national output / boost national output,Higher labour productivity can increase national output.,労働生産性の向上は国全体の生産量を増やすことができる。,GDP; total production; economic output; domestic output,Task 2のeconomy topicで便利。GDPと近いが完全に同じとは限らない。
125,labor productivity,noun,/ˈleɪbər ˌproʊdʌkˈtɪvəti/,労働生産性,output per worker or per hour worked,労働者1人あたり、または1時間あたりの生産量を表す。経済・働き方・技術導入の話題で非常に使いやすい。,improve labor productivity / increase labor productivity / labor productivity growth / low labor productivity,Automation can improve labor productivity by reducing repetitive tasks.,自動化は反復作業を減らすことで労働生産性を向上させることができる。,workforce productivity; output per worker; employee productivity; efficiency,Task 2のwork・technology・economy topicで便利。英国式は labour productivity。
126,excessive,adjective,/ɪkˈsesɪv/,過度の、多すぎる,too much or more than necessary,量・時間・費用・使用などが必要以上に多い時に使う。健康・スマホ・労働時間・消費の話題で非常に便利。,excessive use / excessive spending / excessive pressure / excessive consumption,Excessive screen time can harm children’s physical and mental health.,過度な画面時間は子どもの身体的・精神的健康に害を及ぼす可能性がある。,too much; extreme; unreasonable; unnecessary,Task 2でかなり使いやすい重要語。
127,problematic,adjective,/ˌprɑːbləˈmætɪk/,問題のある、厄介な,causing problems,単に “bad” と言うより客観的でアカデミック。政策・行動・考え方などが問題を引き起こす時に使う。,problematic issue / problematic behaviour / highly problematic / become problematic,Allowing children to use social media without guidance can be problematic.,子どもが指導なしにSNSを使うことを許すのは問題となり得る。,troublesome; difficult; concerning; harmful,Task 2で “This is problematic because...” が使いやすい。
128,tailor,verb,/ˈteɪlər/,合わせて調整する、仕立てる,to adapt something for a specific purpose,服を仕立てる意味もあるが、IELTSでは教育・政策・サービスなどを特定の人や目的に合わせる意味で便利。,tailor education to students’ needs / tailor services / tailor policies / tailor lessons,Teachers should tailor their lessons to students’ different abilities.,教師は授業を生徒の異なる能力に合わせて調整すべきである。,adapt; customise; adjust; modify,Task 2のeducation・policy topicで非常に使いやすい。
129,vulnerable,adjective,/ˈvʌlnərəbl/,弱い、被害を受けやすい,easily harmed or affected,子ども・高齢者・低所得者・環境など、悪影響を受けやすい対象に使う。社会問題のTask 2で重要。,vulnerable people / vulnerable groups / vulnerable to disease / protect vulnerable communities,Children are particularly vulnerable to the negative effects of online content.,子どもはオンラインコンテンツの悪影響を特に受けやすい。,at risk; exposed; defenseless; susceptible,Task 2のhealth・technology・inequality topicで非常に便利。
130,authoritative,adjective,/əˈθɔːrəteɪtɪv/,権威ある、信頼できる,confident and reliable because of knowledge or status,専門知識や地位に基づいて信頼できる情報・人物・資料を表す。ReadingやWritingで情報源を説明する時に使える。,authoritative source / authoritative information / authoritative report / authoritative figure,Students should rely on authoritative sources when writing academic essays.,学生は学術エッセイを書く時、信頼できる権威ある情報源に頼るべきである。,reliable; credible; official; expert,Task 2のmedia・education topicで使える。“authoritarian” とは意味が違うので注意。
131,prestigious,adjective,/preˈstɪdʒəs/,名門の、権威ある,respected and admired,大学・会社・賞・職業などが高く評価されている時に使う。SpeakingやTask 2で教育・仕事の話題に使いやすい。,prestigious university / prestigious company / prestigious award / prestigious position,Many students hope to enter a prestigious university.,多くの学生は名門大学に入ることを望んでいる。,respected; renowned; distinguished; well-known,educationやcareer topicで便利。“famous” よりフォーマル。
132,nurture,verb,/ˈnɝːtʃər/,育てる、養う,to help someone or something develop,子ども・能力・才能・価値観などを時間をかけて育てる時に使う。教育・家庭・自己成長の話題でかなり使いやすい。,nurture talent / nurture creativity / nurture children / nurture skills,Schools should nurture creativity as well as academic ability.,学校は学力だけでなく創造性も育てるべきである。,develop; foster; cultivate; encourage,Task 2のeducation topicで非常に便利。
133,discipline,noun,/ˈdɪsəplɪn/,規律、自制、学問分野,"control, order, or a field of study",「規律」だけでなく、自分をコントロールする力や学問分野という意味もある。教育・仕事・子育て・勉強習慣の話題で使いやすい。,self-discipline / strict discipline / academic discipline / maintain discipline,Self-discipline is essential for students who study online.,オンラインで学ぶ学生にとって、自制心は不可欠である。,self-control; order; training; field of study,Task 2のeducationやwork topicでかなり使いやすい。
134,relevance,noun,/ˈreləvəns/,関連性、重要性,connection with the topic or situation,ある内容がテーマ・目的・現実社会とどれくらい関係しているかを表す。学習内容や政策の有用性を説明する時に便利。,practical relevance / direct relevance / relevance to daily life / lack relevance,Some school subjects have clear relevance to students’ future careers.,一部の学校科目は学生の将来の職業と明確な関連性がある。,connection; importance; usefulness; applicability,Task 2で “the relevance of...” として使いやすい。
135,strengthen,verb,/ˈstreŋθən/,強化する、強くする,to make something stronger,能力・関係・制度・主張などを強くする時に使う。Task 2で解決策や効果を説明する時に便利。,strengthen skills / strengthen relationships / strengthen the economy / strengthen regulations,Extracurricular activities can strengthen students’ social skills.,課外活動は学生の社会的スキルを強化できる。,reinforce; improve; enhance; consolidate,Task 2で非常に使いやすい基本動詞。
136,curriculum,noun,/kəˈrɪkjələm/,カリキュラム、教育課程,the subjects taught in a school or course,学校やコースで教えられる内容全体を指す。教育トピックで必須級の語。複数形は “curricula” または “curriculums”。,school curriculum / national curriculum / curriculum design / broaden the curriculum,Financial education should be included in the school curriculum.,金融教育は学校のカリキュラムに含まれるべきである。,syllabus; course content; study programme; educational programme,Task 2のeducation topicでかなり重要。
137,alleviate,verb,/əˈliːvieɪt/,軽減する、和らげる,to make a problem less serious,問題・苦痛・貧困・ストレスなどを完全に解決するのではなく、程度を軽くする時に使う。フォーマルでWriting向き。,alleviate poverty / alleviate stress / alleviate pressure / alleviate symptoms,Government support can help alleviate poverty among low-income families.,政府の支援は低所得家庭の貧困を軽減するのに役立つ。,reduce; ease; relieve; lessen,Task 2の社会問題・健康・教育で使いやすい。
138,extracurricular activities,noun,/ˌekstrəkəˈrɪkjələr ækˈtɪvətiz/,課外活動,activities outside regular classes,授業外で行うクラブ活動・スポーツ・ボランティアなどを指す。教育・子どもの成長・スキル形成の話題で使いやすい。,participate in extracurricular activities / after-school extracurricular activities / extracurricular activities at school / benefit from extracurricular activities,Extracurricular activities help students develop teamwork and leadership skills.,課外活動は学生がチームワークやリーダーシップの力を育てるのに役立つ。,after-school activities; club activities; non-academic activities; enrichment activities,Task 2のeducation topicで非常に便利。
139,objective,noun,/əbˈdʒektɪv/,目的、目標,a goal or purpose,目標や目的を表すフォーマルな語。“goal” より少し硬く、教育・政策・仕事の文脈で使いやすい。,main objective / clear objective / achieve an objective / policy objective,The main objective of education is not only to prepare students for exams.,教育の主な目的は、学生を試験に備えさせることだけではない。,aim; goal; purpose; target,Task 2で “the main objective of...” が使いやすい。
140,little to no,phrase,/ˈlɪtl tə noʊ/,ほとんど〜ない,almost none,何かが非常に少ない、または全くないことを表す自然な表現。SpeakingでもWritingでも使えるが、やや口語的なので使いすぎ注意。,little to no experience / little to no evidence / little to no impact / little to no support,Some students have little to no access to digital devices at home.,一部の学生は家庭でデジタル機器をほとんど、または全く利用できない。,almost no; hardly any; minimal; nearly none,Task 2で格差やアクセスの話題に便利。
141,marked by,phrase,/mɑːrkt baɪ/,〜を特徴とする,characterised by something,ある時代・状況・場所が特定の特徴を持っていることを表すフォーマル表現。Task 1やTask 2で特徴説明に使いやすい。,marked by rapid growth / marked by inequality / marked by change / marked by uncertainty,The period was marked by rapid growth in online education.,その期間はオンライン教育の急速な成長を特徴としていた。,characterised by; defined by; featuring; distinguished by,Task 1で時期の特徴をまとめる時に便利。
142,intensify,verb,/ɪnˈtensəfaɪ/,強まる、強化する,to become or make something stronger,競争・問題・圧力・対立などが強くなる時に使う。増加を表すだけでなく、深刻さが増すニュアンスがある。,intensify competition / intensify pressure / intensify efforts / intensify problems,Competition for university places has intensified in recent years.,近年、大学の入学枠をめぐる競争は激化している。,increase; strengthen; escalate; heighten,Task 2で社会問題や競争を説明する時に便利。
143,undertaking,noun,/ˌʌndərˈteɪkɪŋ/,大きな仕事、取り組み,a difficult or important task,時間・労力・計画が必要な大きな仕事やプロジェクトを指す。ややフォーマルで、政策や改革の説明に使える。,major undertaking / difficult undertaking / expensive undertaking / ambitious undertaking,Reforming the education system is a major undertaking.,教育制度を改革することは大きな取り組みである。,task; project; effort; enterprise,Task 2で改革・政策・大規模事業を説明する時に使える。
144,hinge on,phrase,/hɪndʒ ɑːn/,〜にかかっている、〜次第である,to depend on something,成功・結果・判断などが特定の要因に大きく左右される時に使う。少し高度だがTask 2で使える自然な表現。,hinge on funding / hinge on public support / hinge on implementation / hinge on education,The success of this policy hinges on proper implementation.,この政策の成功は適切な実施にかかっている。,depend on; rely on; be based on; rest on,Task 2で “success hinges on...” が便利。
145,cautiously,adverb,/ˈkɔːʃəsli/,慎重に、用心深く,carefully to avoid risk,危険や失敗を避けるために注意深く行動する様子を表す。政策・投資・新技術の導入などの話題で使いやすい。,proceed cautiously / act cautiously / approach cautiously / cautiously optimistic,New technology should be introduced cautiously in schools.,新しい技術は学校に慎重に導入されるべきである。,carefully; prudently; warily; with caution,Task 2でバランスのある意見を述べる時に便利。
146,embody,verb,/ɪmˈbɑːdi/,体現する、具体的に表す,to represent an idea or quality,価値観・考え方・特徴を人や物が形として表している時に使う。抽象的でやや高度な語。,embody values / embody tradition / embody the spirit of / embody principles,Traditional festivals embody the cultural values of a community.,伝統的な祭りは地域社会の文化的価値観を体現している。,represent; express; symbolise; exemplify,Task 2のculture topicで使えるが、無理に多用しない。
147,adequate,adjective,/ˈædɪkwət/,十分な、適切な,enough for a purpose,必要最低限を満たしているという意味。“good” より客観的で、教育・医療・設備・資金の話題で使いやすい。,adequate funding / adequate support / adequate facilities / adequate preparation,Students need adequate support to succeed in higher education.,学生が高等教育で成功するには十分な支援が必要である。,sufficient; enough; satisfactory; acceptable,Task 2で “adequate support/funding” がかなり使いやすい。
148,conversely,adverb,/ˈkɑːnvɝːsli/,逆に、反対に,on the other hand,前の内容と対照的な情報を述べる時に使う。 “On the other hand” よりフォーマルで、Writing向き。,"conversely, some argue / conversely, others believe / conversely, rural areas / conversely, this may","Some students benefit from online learning; conversely, others need face-to-face support.",オンライン学習から恩恵を受ける学生もいるが、逆に対面での支援を必要とする学生もいる。,in contrast; on the other hand; however; by contrast,Task 1・Task 2で対比を作る時に便利。
149,invaluable,adjective,/ɪnˈvæljuəbl/,非常に貴重な、極めて有益な,extremely useful or valuable,“valuable” よりさらに強く、「お金に換えられないほど役立つ」という意味。 “not valuable” ではないので注意。,invaluable experience / invaluable support / invaluable skills / invaluable resource,Work experience can be invaluable for young people.,職業経験は若者にとって非常に貴重なものになり得る。,extremely useful; precious; highly valuable; essential,SpeakingやTask 2で使いやすい。意味の勘違いに注意。
150,outlay,noun,/ˈaʊtleɪ/,支出、初期費用,an amount of money spent,事業・設備・教育などにかかる費用を表すフォーマルな語。特に初期投資や大きな支出に使う。,initial outlay / financial outlay / capital outlay / large outlay,"Although the initial outlay is high, solar panels can reduce energy costs over time.",初期費用は高いが、太陽光パネルは長期的にエネルギー費を削減できる。,expenditure; cost; spending; investment,Task 2のeconomyやtechnology topicで使えるが、少し硬め。
151,intermittency,noun,/ˌɪntərˈmɪtənsi/,断続性、不安定に途切れる性質,the quality of stopping and starting repeatedly,特に再生可能エネルギーで、太陽光や風力が常に発電できない性質を表す時によく使う。専門的だが、energy topicではかなり便利。,energy intermittency / renewable intermittency / problem of intermittency / deal with intermittency,Energy storage can help address the intermittency of solar and wind power.,蓄電は太陽光や風力発電の断続性に対処するのに役立つ。,irregularity; variability; fluctuation; inconsistency,Task 2のrenewable energy topicで使える専門語。
152,foremost,adjective,/ˈfɔːrmoʊst/,最も重要な、第一の,most important or leading,重要性や地位が最上位であることを表す。“first and foremost” の形でもよく使われる。,foremost concern / foremost priority / foremost expert / first and foremost,The foremost priority should be protecting vulnerable communities.,最も重要な優先事項は、弱い立場にある地域社会を守ることである。,main; leading; primary; most important,Task 2で “the foremost priority” が使いやすい。
153,intermittent,adjective,/ˌɪntərˈmɪtənt/,断続的な、時々止まる,stopping and starting repeatedly,雨・痛み・電力供給・サービスなどが途切れたり再開したりする時に使う。安定していない状態を説明するのに便利。,intermittent rain / intermittent power supply / intermittent problems / intermittent energy source,Solar power is an intermittent energy source because it depends on sunlight.,太陽光発電は日光に依存するため、断続的なエネルギー源である。,irregular; occasional; sporadic; periodic,Task 2のenergyやinfrastructure topicで使える。
154,exacerbate,verb,/ɪɡˈzæsərbeɪt/,悪化させる、深刻にする,to make a problem worse,すでに存在する問題をさらに悪くする時に使うフォーマルな語。環境・貧困・健康・格差の話題で非常に使いやすい。,exacerbate inequality / exacerbate poverty / exacerbate the problem / exacerbate climate change,Rising living costs can exacerbate social inequality.,生活費の上昇は社会的不平等を悪化させる可能性がある。,worsen; aggravate; intensify; make worse,Task 2で原因や悪影響を説明する時に強い語彙になる。
155,disparity,noun,/dɪˈspærəti/,格差、不均衡,a large difference between groups,収入・教育・地域・男女間などの大きな差を表す。 “difference” より社会問題としての不公平感が強い。,income disparity / regional disparity / gender disparity / reduce disparities,There is a significant disparity in access to healthcare between urban and rural areas.,都市部と地方の間には医療へのアクセスに大きな格差がある。,inequality; gap; imbalance; difference,Task 2のinequality topicで非常に使いやすい。
156,encroach,verb,/ɪnˈkroʊtʃ/,侵入する、徐々に侵害する,to gradually enter or take over space or rights,土地・権利・時間などに少しずつ入り込んで悪影響を与える時に使う。通常 “encroach on/upon” の形。,encroach on habitats / encroach on farmland / encroach on privacy / urban areas encroach on forests,Urban development can encroach on wildlife habitats.,都市開発は野生動物の生息地に侵入する可能性がある。,invade; intrude on; take over; interfere with,Task 2のenvironmentやprivacy topicで使える。“encroach on” で覚える。
157,prolonged,adjective,/prəˈlɔːŋd/,長引いた、長期間の,continuing for a long time,"悪い状況や負担が長く続く時によく使う。drought, stress, exposure, unemploymentなどと相性がよい。",prolonged drought / prolonged exposure / prolonged stress / prolonged unemployment,Prolonged drought can seriously damage agricultural production.,長引く干ばつは農業生産に深刻な被害を与える可能性がある。,long-term; extended; lengthy; continuing,Task 2のenvironment・health・work topicで便利。
158,mitigate,verb,/ˈmɪtɪɡeɪt/,軽減する、和らげる,to make a problem less severe,問題を完全に解決するのではなく、悪影響を小さくする時に使う。climate changeやpovertyなどの文脈で頻出。,mitigate climate change / mitigate risks / mitigate negative effects / mitigate damage,Planting trees can help mitigate the effects of climate change.,植樹は気候変動の影響を軽減するのに役立つ。,reduce; alleviate; lessen; ease,Task 2のsolution paragraphで非常に使いやすい。
159,catastrophic,adjective,/ˌkætəˈstrɑːfɪk/,壊滅的な、悲惨な,causing very serious damage,災害・環境破壊・経済危機など、非常に深刻な被害を表す強い語。大げさに使いすぎないことが大切。,catastrophic consequences / catastrophic damage / catastrophic failure / catastrophic impact,Uncontrolled climate change could have catastrophic consequences for coastal cities.,制御されない気候変動は沿岸都市に壊滅的な結果をもたらす可能性がある。,devastating; disastrous; severe; destructive,Task 2で強い警告を述べる時に使える。
160,Public perception,noun,/ˈpʌblɪk pərˈsepʃən/,世間の認識、社会の受け止め方,how the public sees or understands something,政策・技術・環境問題などについて、人々がどう感じたり理解したりしているかを表す。Task 2で世論や受容性を説明する時に便利。,public perception of risk / shape public perception / change public perception / negative public perception,Public perception of nuclear energy has changed after several major accidents.,原子力エネルギーに対する世間の認識は、いくつかの大事故の後に変化した。,public opinion; social attitude; public view; common perception,Task 2のtechnology・energy・policy topicで使いやすい。
161,trajectory,noun,/trəˈdʒektəri/,軌道、進路、変化の方向,the path or direction of development,物理的な軌道だけでなく、経済・人生・キャリア・社会変化の方向性にも使う。やや高度でフォーマル。,career trajectory / growth trajectory / development trajectory / change trajectory,The country’s economic trajectory depends on investment in education and technology.,その国の経済の進路は、教育と技術への投資に左右される。,path; course; direction; trend,Task 1では傾向、Task 2では発展の方向性に使える。
162,equitable,adjective,/ˈekwɪtəbl/,公平な、公正な,fair and just,単なる “equal” ではなく、状況に応じて公平に資源や機会を分配するニュアンスがある。教育・医療・社会制度の話題で便利。,equitable access / equitable distribution / equitable society / equitable solution,Governments should ensure equitable access to quality education.,政府は質の高い教育への公平なアクセスを保証すべきである。,fair; just; impartial; balanced,Task 2のinequalityやeducation topicで非常に使いやすい。
163,affluent,adjective,/ˈæfluənt/,裕福な、豊かな,rich and having a lot of money,人・家庭・地域・国が経済的に豊かであることを表す。“rich” よりフォーマル。,affluent families / affluent countries / affluent neighbourhoods / less affluent groups,Children from affluent families often have more educational opportunities.,裕福な家庭の子どもは、より多くの教育機会を持つことが多い。,wealthy; rich; prosperous; well-off,Task 2のinequality topicで便利。“less affluent” も使いやすい。
164,reap,verb,/riːp/,得る、収穫する,to receive benefits or results,元々は作物を収穫する意味だが、IELTSでは “reap benefits” の形で「利益を得る」としてよく使う。,reap benefits / reap rewards / reap the advantages / reap economic gains,Countries that invest in education can reap long-term economic benefits.,教育に投資する国は長期的な経済的利益を得ることができる。,gain; obtain; receive; benefit from,Task 2で “reap the benefits of...” が便利。
165,underscore,verb,/ˌʌndərˈskɔːr/,強調する、明確に示す,to emphasize or show clearly,重要性や問題点を強調する時に使うフォーマルな語。“highlight” に近く、Writing向き。,underscore the importance of / underscore the need for / underscore a problem / underscore the role of,The pandemic underscored the importance of strong healthcare systems.,パンデミックは強力な医療制度の重要性を明確に示した。,highlight; emphasize; stress; underline,Task 2で “This underscores the need for...” が使いやすい。
166,disrupt,verb,/dɪsˈrʌpt/,混乱させる、中断させる,to interrupt or disturb something,通常の流れ・生活・教育・サービスなどを妨げる時に使う。テクノロジーが既存産業を大きく変える意味でも使える。,disrupt education / disrupt daily life / disrupt supply chains / disrupt traditional industries,Natural disasters can disrupt transport systems and local economies.,自然災害は交通システムや地域経済を混乱させる可能性がある。,interrupt; disturb; interfere with; unsettle,Task 2のtechnology・disaster・society topicで使いやすい。
167,groundbreaking,adjective,/ˈɡraʊndbreɪkɪŋ/,画期的な、革新的な,very new and important,研究・技術・発見などが新しく、大きな影響を持つ時に使う。positiveな意味で使われることが多い。,groundbreaking research / groundbreaking technology / groundbreaking discovery / groundbreaking innovation,Groundbreaking medical research can improve the quality of life for many patients.,画期的な医学研究は多くの患者の生活の質を改善できる。,innovative; pioneering; revolutionary; cutting-edge,Task 2のscienceやtechnology topicで使える。
168,oversight,noun,/ˈoʊvərsaɪt/,監督、見落とし,supervision or an accidental mistake,文脈により「監督」と「見落とし」の両方の意味がある。IELTSでは “government oversight” や “lack of oversight” のように監督の意味で使いやすい。,government oversight / regulatory oversight / lack of oversight / strong oversight,Stronger government oversight is needed to prevent corporate misconduct.,企業の不正行為を防ぐためには、より強い政府の監督が必要である。,supervision; regulation; monitoring; mistake,Task 2のgovernment・business topicで便利。意味が2つあるので文脈に注意。
169,outrage,noun,/ˈaʊtreɪdʒ/,激しい怒り、憤慨,strong public anger,不公平・犯罪・政治的判断などに対する強い怒りを表す。ニュースや社会問題の文脈でよく出る。,public outrage / spark outrage / cause outrage / widespread outrage,The decision sparked public outrage because many people saw it as unfair.,その決定は多くの人が不公平だと感じたため、世間の激しい怒りを引き起こした。,anger; fury; indignation; public anger,ReadingやTask 2の社会問題で使える。“spark outrage” が重要コロケーション。
170,unquestionably,adverb,/ʌnˈkwestʃənəbli/,疑いなく、間違いなく,without any doubt,かなり強く断定する副詞。“clearly” より強いため、Writingでは本当に確信できる内容に使うのが安全。,unquestionably important / unquestionably beneficial / unquestionably true / unquestionably necessary,Education is unquestionably important for personal and social development.,教育は個人と社会の発展にとって疑いなく重要である。,undoubtedly; certainly; clearly; definitely,Task 2で使えるが、強い断定なので使いすぎ注意。
171,identifiable,adjective,/aɪˌdentɪˈfaɪəbl/,識別できる、特定できる,able to be recognized or identified,人・物・特徴・原因などが見分けられる状態を表す。ReadingやWritingで原因や特徴を説明する時に使える。,easily identifiable / clearly identifiable / identifiable features / identifiable cause,The town has several easily identifiable landmarks.,その町には簡単に識別できる目印がいくつかある。,recognizable; distinguishable; detectable; visible,Task 1 mapでlandmark説明にも使える。
172,mutation,noun,/mjuːˈteɪʃən/,突然変異、変異,a change in genes or form,生物の遺伝子や性質が変化することを表す。科学・医療・生物系Readingでよく出る語。,genetic mutation / harmful mutation / mutation rate / cause mutations,Some diseases are caused by genetic mutations.,一部の病気は遺伝子変異によって引き起こされる。,genetic change; variation; alteration; change,Readingのscience topicで重要。Writingで使う場面は限定的。
173,hereditary,adjective,/həˈredəteri/,遺伝性の、世襲の,passed from parents to children,病気・特徴・地位などが親から子へ受け継がれることを表す。医療や生物の話題でよく使う。,hereditary disease / hereditary condition / hereditary factor / hereditary traits,Some health problems are hereditary and cannot be prevented completely.,一部の健康問題は遺伝性であり、完全には予防できない。,genetic; inherited; passed down; familial,healthやbiology topicで使える。
174,athleticism,noun,/æθˈletɪsɪzəm/,運動能力、身体能力,physical ability and strength,速さ・強さ・柔軟性・持久力など、スポーツに必要な身体能力全体を表す。Speakingのsport topicで使いやすい。,natural athleticism / physical athleticism / show athleticism / improve athleticism,Regular training can improve a person’s athleticism.,定期的なトレーニングは人の運動能力を向上させることができる。,physical ability; fitness; agility; sporting ability,Speakingでsportやhealthを話す時に便利。
175,intervention,noun,/ˌɪntərˈvenʃən/,介入、支援、対策,action taken to improve a situation,問題が悪化する前に、政府・学校・医師などが行う介入や対策を表す。Task 2のsolutionで非常に使いやすい。,government intervention / early intervention / medical intervention / policy intervention,Early intervention can help children with learning difficulties.,早期介入は学習困難のある子どもを助けることができる。,action; involvement; support; measure,Task 2のeducation・health・government topicで便利。
176,consequently,adverb,/ˈkɑːnsəkwentli/,その結果、したがって,as a result,原因と結果をつなぐフォーマルな接続副詞。Task 1・Task 2で論理的な流れを作るのに便利。,"consequently, people may / consequently, the figure rose / consequently, this led to / consequently became","Many people moved to cities; consequently, rural populations declined.",多くの人が都市に移動した。その結果、地方の人口は減少した。,therefore; as a result; thus; hence,Writingで使いやすいが、文頭で使う時はカンマを置く。
177,effortlessly,adverb,/ˈefərtləsli/,楽々と、苦労せずに,without difficulty,大きな努力をせずに何かを上手に行う様子を表す。Speakingでは自然だが、Writingではやや描写的。,speak effortlessly / move effortlessly / perform effortlessly / learn effortlessly,Some children seem to learn new languages effortlessly.,一部の子どもは新しい言語を苦労せずに学ぶように見える。,easily; smoothly; naturally; without effort,Speakingで能力やスキルを説明する時に便利。
178,pique,verb,/piːk/,興味をそそる、刺激する,to arouse interest or curiosity,主に “pique interest/curiosity” の形で使う。少し高度で自然な表現だが、使い方はかなり限定的。,pique interest / pique curiosity / pique public interest / pique students’ curiosity,Science museums can pique children’s curiosity about the natural world.,科学博物館は子どもたちの自然界への好奇心を刺激できる。,arouse; stimulate; spark; awaken,Task 2のeducation topicで使える。“peak” とスペル・意味を混同しない。
179,fluid,adjective,/ˈfluːɪd/,流動的な、柔軟な、なめらかな,able to change or move smoothly,液体のように変化しやすい状態や、動きがなめらかな様子を表す。社会・働き方・アイデンティティなどにも比喩的に使える。,fluid movement / fluid situation / fluid identity / remain fluid,The job market has become more fluid due to technological change.,技術の変化により、雇用市場はより流動的になっている。,flexible; changeable; smooth; adaptable,Task 2では “fluid job market” などで使えるが、やや高度。
180,vulnerability,noun,/ˌvʌlnərəˈbɪləti/,弱さ、脆弱性、傷つきやすさ,the state of being easily harmed,人・社会・環境・システムが被害を受けやすい状態を表す。Task 2の社会問題・環境・健康で非常に使いやすい。,reduce vulnerability / social vulnerability / economic vulnerability / vulnerability to disease,Poverty can increase people’s vulnerability to health problems.,貧困は人々が健康問題にさらされやすくする可能性がある。,weakness; fragility; susceptibility; exposure,Task 2で “vulnerability to...” が便利。
181,claw,noun,/klɔː/,爪、かぎ爪,a sharp curved nail of an animal,動物の足にある鋭く曲がった爪を指す。動物・生物系Readingで出やすい。,sharp claws / use claws / retractable claws / claws of a bird,Eagles use their sharp claws to catch prey.,ワシは獲物を捕まえるために鋭いかぎ爪を使う。,talon; nail; hook; animal nail,Readingのanimal topicで覚えるとよい。
182,depression,noun,/dɪˈpreʃən/,うつ病、不況、くぼみ,"a mental illness, economic decline, or low area",文脈によって「うつ病」「経済不況」「地面のくぼみ」の意味がある。IELTSではhealthやeconomyでよく使う。,suffer from depression / economic depression / severe depression / depression treatment,Long working hours can increase the risk of depression.,長時間労働はうつ病のリスクを高める可能性がある。,mental illness; downturn; recession; low area,health topicでは不可算名詞として使うことが多い。
183,captivity,noun,/kæpˈtɪvəti/,捕らわれた状態、飼育下,the state of being kept in a place and not free,動物が野生ではなく動物園や施設で飼育されている状態、または人が捕らわれている状態を表す。,in captivity / animals in captivity / breed in captivity / kept in captivity,Some animals do not survive well in captivity.,一部の動物は飼育下ではうまく生きられない。,confinement; imprisonment; detention; enclosed condition,Task 2のanimal rightsやzoo topicで便利。
184,set aside,phrase,/set əˈsaɪd/,取っておく、脇に置く、考えないことにする,to reserve something or ignore something temporarily,お金・時間・場所を「確保する」意味と、感情や意見を「いったん脇に置く」意味がある。文脈で意味が変わる。,set aside time / set aside money / set aside differences / set aside land,Governments should set aside more land for wildlife protection.,政府は野生動物保護のためにより多くの土地を確保すべきである。,reserve; save; allocate; put aside,Task 2で “set aside time/money/land” が使いやすい。
185,proofreading,noun,/ˈpruːfriːdɪŋ/,校正、誤字脱字の確認,checking writing for mistakes,文章を提出・公開する前に、文法・スペル・句読点などの誤りを確認する作業を指す。IELTS学習でも重要。,proofreading process / careful proofreading / proofreading skills / do proofreading,Proofreading helps students avoid simple grammar and spelling mistakes.,校正は学生が単純な文法やスペルのミスを避けるのに役立つ。,editing; checking; correction; revision,Writing練習で重要。“editing” より表面的なミス確認に近い。
186,commencement,noun,/kəˈmensmənt/,開始、始まり、卒業式,the beginning of something or a graduation ceremony,フォーマルには「開始」を意味する。アメリカ英語では大学などの「卒業式」の意味でも使われる。,commencement of work / commencement date / commencement ceremony / prior to commencement,The commencement of the project was delayed by two months.,そのプロジェクトの開始は2か月遅れた。,beginning; start; launch; initiation,Writingでは “start” の方が自然なことも多い。フォーマル文書向き。
187,diagonal,adjective,/daɪˈæɡənəl/,斜めの、対角線の,slanted or connecting opposite corners,地図・図形・配置で、まっすぐ縦横ではなく斜めになっているものを説明する時に使う。Task 1 mapで使える。,diagonal line / diagonal path / diagonal road / run diagonally,A diagonal path crossed the park from the northwest to the southeast.,斜めの小道が公園を北西から南東へ横切っていた。,slanted; oblique; angled; crosswise,Task 1 mapで “run diagonally” が便利。
188,canteen,noun,/kænˈtiːn/,食堂、売店,a place where food is served in a school or workplace,学校・会社・工場などにある食堂を指す。イギリス英語寄りで、アメリカでは “cafeteria” がよく使われる。,school canteen / office canteen / staff canteen / canteen food,The school canteen was relocated next to the sports hall.,学校の食堂は体育館の隣に移転された。,cafeteria; dining hall; lunchroom; food hall,Task 1 mapで施設名として出やすい。
189,oval,adjective,/ˈoʊvəl/,楕円形の,egg-shaped or like an ellipse,円より少し長い丸い形を表す。地図や図形、競技場の形を説明する時に使える。,oval shape / oval stadium / oval area / oval table,An oval sports field was built in the centre of the campus.,楕円形の運動場がキャンパスの中央に建設された。,egg-shaped; elliptical; rounded; oblong,Task 1 mapで形を説明する時に便利。
190,dispense with,phrase,/dɪˈspens wɪð/,〜なしで済ませる、省く,to do without something,不要なものや手続きを省く時に使うフォーマルな表現。“get rid of” より硬い。,dispense with formalities / dispense with unnecessary rules / dispense with paper forms / dispense with the need for,The new system dispenses with the need for paper documents.,新しいシステムは紙の書類の必要性をなくしている。,do without; eliminate; remove; omit,Task 2のtechnologyやefficiency topicで使えるが、少し高度。
191,maintain that,phrase,/meɪnˈteɪn ðæt/,〜だと主張する,to state strongly that something is true,意見や立場をはっきり主張する時に使うフォーマル表現。“say that” より硬く、Task 2で自分や他者の主張を述べる時に便利。,maintain that education is essential / maintain that governments should act / experts maintain that / some people maintain that,Some experts maintain that strict regulations are necessary to protect children online.,一部の専門家は、オンライン上で子どもを守るには厳しい規制が必要だと主張している。,argue that; claim that; assert that; contend that,Task 2で意見紹介に使いやすい。
192,pamper,verb,/ˈpæmpər/,甘やかす、大事にしすぎる,to treat someone with too much care or kindness,子どもや自分自身を過度に甘やかす時に使う。少しネガティブなニュアンスがあり、“pampered children” は「甘やかされた子ども」。,pamper children / pamper oneself / pampered lifestyle / overly pamper,Parents should support their children without pampering them too much.,親は子どもを支えるべきだが、甘やかしすぎるべきではない。,spoil; indulge; overprotect; treat gently,Task 2のparenting topicで使えるが、ややカジュアル。
193,predictability,noun,/prɪˌdɪktəˈbɪləti/,予測可能性、見通しやすさ,the quality of being easy to predict,将来の変化や結果がどれくらい予測しやすいかを表す。仕事・経済・生活・制度の安定性を説明する時に便利。,economic predictability / lack of predictability / increase predictability / predictability of income,Predictability in income helps families plan their spending.,収入の予測可能性は家族が支出を計画するのに役立つ。,stability; certainty; reliability; foreseeability,Task 2のwork・economy topicで使える。
194,sleek,adjective,/sliːk/,洗練された、なめらかな,"smooth, stylish, and modern",デザイン・車・建物・機器などがなめらかで現代的に見える時に使う。良い意味だが、WritingよりSpeakingで自然。,sleek design / sleek appearance / sleek car / sleek smartphone,The new library has a sleek and modern design.,新しい図書館は洗練された現代的なデザインをしている。,stylish; smooth; modern; polished,SpeakingやTask 1 mapで建物の外観説明に使える。
195,exploit,verb,/ɪkˈsplɔɪt/,利用する、搾取する,to use something or someone for benefit,資源や機会を有効に利用する意味もあるが、人を不当に利用する「搾取する」という否定的意味も強い。文脈に注意。,exploit natural resources / exploit workers / exploit opportunities / exploit technology,Some companies exploit cheap labour to reduce production costs.,一部の企業は生産コストを下げるために安い労働力を搾取している。,use; take advantage of; utilise; abuse,Task 2のbusiness・environment topicで使えるが、否定的な響きが強い。
196,underestimate,verb,/ˌʌndərˈestɪmeɪt/,過小評価する,to think something is less important or smaller than it is,人の能力・問題の深刻さ・必要な時間などを実際より小さく見る時に使う。Task 2で警告や反論に使いやすい。,underestimate the importance of / underestimate the risk / underestimate students’ ability / easily underestimate,People often underestimate the importance of sleep for mental health.,人々は精神的健康にとっての睡眠の重要性を過小評価しがちである。,undervalue; misjudge; underrate; downplay,Task 2で “should not underestimate...” が便利。
197,inviting,adjective,/ɪnˈvaɪtɪŋ/,魅力的な、入りたくなるような,attractive and welcoming,場所・雰囲気・部屋などが心地よく、人を引きつける様子を表す。Task 1 mapやSpeakingで使いやすい。,inviting atmosphere / inviting place / inviting entrance / look inviting,"The café has an inviting atmosphere, so many students spend time there.",そのカフェは居心地の良い雰囲気があるため、多くの学生がそこで時間を過ごす。,welcoming; attractive; appealing; pleasant,SpeakingやTask 1 mapの施設描写で便利。
198,opulent,adjective,/ˈɑːpjələnt/,豪華な、ぜいたくな,very rich and luxurious,建物・ホテル・生活様式などが非常に豪華で高級感がある時に使う。強い語なので、普通の「きれい」には使わない。,opulent hotel / opulent lifestyle / opulent interior / opulent palace,The city is famous for its opulent hotels and historic buildings.,その都市は豪華なホテルと歴史的建造物で有名である。,luxurious; lavish; grand; extravagant,Speakingのtravel topicで使えるが、やや高度。
199,disorient,verb,/dɪsˈɔːrient/,混乱させる、方向感覚を失わせる,to make someone confused or lost,知らない場所・複雑な情報・急な変化などによって、人が混乱したり方向感覚を失ったりする時に使う。,disorient visitors / feel disoriented / become disoriented / disorient new students,The complex layout of the station can disorient first-time visitors.,その駅の複雑な配置は初めて訪れる人を混乱させることがある。,confuse; bewilder; unsettle; make lost,ReadingやSpeakingで使える。“disoriented” の形も重要。
200,naval,adjective,/ˈneɪvəl/,海軍の,related to a navy,海軍・軍艦・海上防衛に関する語。歴史や国防のReadingで出やすいが、日常会話では限定的。,naval base / naval forces / naval history / naval officer,The city developed around an important naval base.,その都市は重要な海軍基地の周りで発展した。,maritime; navy-related; sea military; nautical,Readingのhistoryやmilitary topicで出やすい。
201,a long way off,phrase,/ə lɔːŋ weɪ ɔːf/,まだ先である、遠い,far in time or distance,時間的に「まだかなり先」、または距離的に「遠い」という意味。Speakingで将来の予定や目標を話す時に自然。,still a long way off / seem a long way off / a long way off from completion / a long way off in the future,"My plan to study abroad is still a long way off, but I am preparing little by little.",留学計画はまだ先だが、少しずつ準備している。,far away; far in the future; not near; distant,Speakingで自然に使える。Writingでは “far in the future” の方が無難。
202,meteorological,adjective,/ˌmiːtiərəˈlɑːdʒɪkəl/,気象の、気象学の,related to weather science,天気・気候観測・気象データに関するフォーマルな語。Readingや環境問題で出やすい。,meteorological data / meteorological conditions / meteorological agency / meteorological observations,Meteorological data can help predict extreme weather events.,気象データは異常気象の予測に役立つ。,weather-related; climatic; atmospheric; weather-based,Readingのscience・climate topicで重要。
203,salinity,noun,/səˈlɪnəti/,塩分濃度,the amount of salt in water or soil,海水・土壌・湖などに含まれる塩分の量を表す専門語。環境・農業・水資源のReadingで出やすい。,high salinity / soil salinity / water salinity / salinity levels,High soil salinity can reduce agricultural productivity.,高い土壌塩分濃度は農業生産性を低下させる可能性がある。,salt concentration; saltiness; salt level; mineral content,Readingのenvironment・agriculture topicで覚えるとよい。
204,cigar,noun,/sɪˈɡɑːr/,葉巻,a roll of tobacco for smoking,タバコの葉を巻いた喫煙具。IELTSで頻出ではないが、Readingや物語文で出ることがある。,smoke a cigar / cigar smoke / expensive cigar / cigar shop,He was sitting outside the café and smoking a cigar.,彼はカフェの外に座って葉巻を吸っていた。,tobacco roll; smoking product; rolled tobacco; cigarillo,健康topicでは “smoking products” の一例として使える。
205,trek,noun,/trek/,長く大変な旅、トレッキング,a long and difficult journey,山道や自然の中を長く歩く旅を表す。旅行・アウトドア・困難な移動の話題で使いやすい。,mountain trek / long trek / challenging trek / trek through the forest,We went on a challenging trek through the mountains.,私たちは山を通る大変なトレッキングに出かけた。,hike; journey; expedition; long walk,Speakingのtravelやhobby topicで便利。
206,in stages,phrase,/ɪn ˈsteɪdʒɪz/,段階的に、数段階に分けて,step by step,一度に行うのではなく、複数の段階に分けて進める時に使う。Task 1 processやTask 2の政策実施に便利。,implement in stages / develop in stages / complete in stages / introduce in stages,The new transport system will be introduced in stages.,新しい交通システムは段階的に導入される予定である。,step by step; gradually; phase by phase; progressively,Task 1 processやTask 2 solutionで使いやすい。
207,up front,phrase,/ˌʌp ˈfrʌnt/,前もって、率直に,in advance or honestly,支払いを「前払いで」という意味と、人が「率直に」という意味がある。文脈で意味が変わるため注意。,pay up front / be up front about costs / cost up front / explain up front,Some language schools require students to pay the full fee up front.,一部の語学学校では、学生に全額を前払いするよう求める。,in advance; beforehand; honestly; openly,Speakingやbusiness contextで便利。Writingでは “in advance” が安全。
208,extremely fit,adjective phrase,/ɪkˈstriːmli fɪt/,非常に体力がある、非常に健康的な,very healthy and physically strong,健康状態や運動能力がかなり良いことを表す自然な表現。IELTS Speakingのhealthやsport topicで使いやすい。,remain extremely fit / become extremely fit / extremely fit people / look extremely fit,"My grandfather is over seventy, but he is still extremely fit.",私の祖父は70歳を超えているが、今でも非常に体力がある。,very healthy; physically strong; in excellent shape; athletic,Speakingで自然。“fit” は「痩せている」ではなく健康・体力がある意味。
209,outline,verb,/ˈaʊtlaɪn/,概要を述べる、概説する,to describe the main points,詳細ではなく主要な点だけを説明する時に使う。プレゼン・レポート・エッセイの導入で便利。,outline the main reasons / outline a plan / briefly outline / outline the advantages,This essay will outline the main causes of traffic congestion.,このエッセイでは交通渋滞の主な原因を概説する。,summarise; describe briefly; sketch; present,Task 2の導入で使えるが、使いすぎると定型的になる。
210,acclimatize,verb,/əˈklaɪmətaɪz/,環境に慣れる、順応する,to get used to a new climate or situation,新しい気候・高度・環境に体が慣れることを表す。旅行・登山・海外生活の話題で使いやすい。,acclimatize to the climate / acclimatize to high altitude / take time to acclimatize / gradually acclimatize,It took me a few days to acclimatize to the hot weather.,暑い気候に慣れるまで数日かかった。,adapt; adjust; get used to; become accustomed,Speakingのtravelやliving abroad topicで便利。英国式は acclimatise。
211,intellectual,adjective,/ˌɪntəˈlektʃuəl/,知的な、知性に関する,related to thinking and understanding,知識・思考力・学問的能力に関する語。“smart” よりフォーマルで、教育・読書・研究の話題で使いやすい。,intellectual ability / intellectual development / intellectual curiosity / intellectual activity,Reading books can support children’s intellectual development.,読書は子どもの知的発達を支えることができる。,mental; academic; cognitive; thoughtful,Task 2のeducation topicで便利。
212,upon,preposition,/əˈpɑːn/,〜の上に、〜に基づいて、〜するとすぐに,on or based on something,“on” よりフォーマルな響きがある。現代英語では “depend upon” “based upon” “upon arrival” など決まった形でよく使う。,depend upon / based upon / upon arrival / upon completion,The success of the project depends upon careful planning.,そのプロジェクトの成功は慎重な計画にかかっている。,on; based on; after; immediately after,Writingで使えるが、無理に “on” の代わりに多用しない方が自然。
213,area of expertise,noun,/ˈeriə əv ˌekspɝːˈtiːz/,専門分野、得意分野,a field someone knows a lot about,人が専門的な知識や経験を持つ分野を表す。仕事・研究・自己紹介で非常に使いやすい表現。,main area of expertise / specific area of expertise / develop an area of expertise / outside my area of expertise,My main area of expertise is environmental assessment.,私の主な専門分野は環境評価である。,specialism; specialty; field of expertise; expert field,SpeakingやCVで使いやすい。
214,chosen field,noun,/ˈtʃoʊzən fiːld/,自分が選んだ分野、専攻・職業分野,the area of work or study someone chooses,自分が進んで選んだ学問・仕事・専門分野を表す。キャリアや教育の話題で使いやすい。,chosen field of study / succeed in a chosen field / work in a chosen field / pursue a chosen field,Students need practical experience to succeed in their chosen field.,学生は自分が選んだ分野で成功するために実践的な経験が必要である。,selected area; career field; field of study; profession,Task 2のeducation・career topicで便利。
215,consistently,adverb,/kənˈsɪstəntli/,一貫して、継続的に,in the same way over time,時間を通して同じ傾向や行動が続く時に使う。Task 1では数値が安定して上位・下位にある時に便利。,consistently high / consistently low / perform consistently / consistently increase,The figure for petrol cars remained consistently high throughout the period.,ガソリン車の数値は期間を通して一貫して高いままだった。,steadily; regularly; constantly; reliably,Task 1でかなり使いやすい副詞。
216,subsequently,adverb,/ˈsʌbsəkwəntli/,その後、続いて,after that,出来事や変化が時間的に後に起こったことを示すフォーマルな接続副詞。Task 1の時系列説明で便利。,subsequently increased / subsequently declined / subsequently became / subsequently replaced,The old factory was subsequently converted into a shopping centre.,古い工場はその後ショッピングセンターに改装された。,afterwards; later; after that; thereafter,Task 1 mapやprocessで使いやすい。
217,trough,noun,/trɔːf/,谷、最低点,the lowest point in a cycle or graph,グラフ・景気循環・波の一番低い部分を表す語。Task 1で数値が下がりきった点を説明する時に使えるが、やや専門的。,reach a trough / hit a trough / a deep trough / a trough in sales,The unemployment rate reached a trough of 4% in 2018.,失業率は2018年に4%という最低点に達した。,lowest point; low point; bottom; minimum,Task 1で “reached a trough of...” は便利。
218,period,noun,/ˈpɪriəd/,期間、時期,a length of time,Task 1でグラフや地図の対象期間を説明する時に非常によく使う基本語。“throughout the period” は頻出表現。,throughout the period / over the period / during the period / at the end of the period,The number of visitors increased steadily throughout the period.,訪問者数は期間を通して着実に増加した。,time; duration; interval; span,Task 1の必須語。使いすぎる場合は “time frame” も使える。
219,rebound,verb,/ˌriːˈbaʊnd/,回復する、反発する,to rise again after falling,数値・経済・需要などが下がった後に再び上がる時に使う。Task 1の折れ線グラフや経済トピックで便利。,rebound strongly / rebound after a decline / prices rebound / sales rebound,Sales rebounded after a sharp decline in 2020.,売上は2020年の急激な減少後に回復した。,recover; rise again; bounce back; improve,Task 1で “rebounded after...” が使いやすい。
220,rebounded,verb,/ˌriːˈbaʊndɪd/,回復した、再び上昇した,rose again after falling,“rebound” の過去形・過去分詞。グラフで一度下がった数値が再び上がった時に使う。,rebounded sharply / rebounded slightly / rebounded to 50% / rebounded after falling,The figure rebounded to 60% in the final year.,その数値は最終年に60%まで回復した。,recovered; rose again; bounced back; improved,Task 1で過去の変化を説明する時に便利。
221,downturn,noun,/ˈdaʊntɝːn/,低迷、不況、下降,a decline in economic activity or performance,経済・売上・市場などが悪化する時に使う。“decrease” より経済的・社会的な低迷のニュアンスが強い。,economic downturn / market downturn / severe downturn / downturn in sales,Many companies reduced hiring during the economic downturn.,多くの企業は景気低迷の間、採用を減らした。,decline; recession; slump; slowdown,Task 2のeconomyやemployment topicで便利。
222,variation,noun,/ˌveriˈeɪʃən/,変化、ばらつき、違い,a difference or change,数値・種類・地域差などの「ばらつき」を表す。Task 1ではデータの違い、Task 2では人や文化の違いを説明する時に使える。,regional variation / considerable variation / variation in income / show variation,There was considerable variation in internet use among different age groups.,異なる年齢層の間でインターネット利用にはかなりのばらつきがあった。,difference; fluctuation; diversity; change,Task 1で “variation in...” として使いやすい。
223,morale,noun,/məˈræl/,士気、やる気、意欲,the confidence and motivation of a group,職場・チーム・学生など集団全体のやる気や前向きな気持ちを表す。work topicで特に便利。,boost morale / low morale / staff morale / improve morale,Flexible working arrangements can improve employee morale.,柔軟な働き方は従業員の士気を高めることができる。,motivation; confidence; team spirit; enthusiasm,Task 2のwork topicで使いやすい。
224,anxious,adjective,/ˈæŋkʃəs/,不安な、心配している,worried or nervous,将来・試験・仕事・健康などについて不安を感じる時に使う。“nervous” より心配が続く感じがある。,feel anxious / anxious about exams / become anxious / highly anxious,Students often feel anxious before important examinations.,学生は重要な試験の前に不安を感じることが多い。,worried; nervous; uneasy; concerned,SpeakingやTask 2のmental healthで便利。
225,social interaction,noun,/ˈsoʊʃəl ˌɪntərˈækʃən/,社会的交流、人との関わり,communication between people,人と話したり協力したりする交流を表す。教育・仕事・オンライン学習・メンタルヘルスの話題でよく使える。,face-to-face social interaction / encourage social interaction / lack social interaction / social interaction skills,Online learning may reduce face-to-face social interaction among students.,オンライン学習は学生同士の対面での社会的交流を減らす可能性がある。,communication; social contact; interpersonal exchange; interaction,Task 2のeducationやtechnology topicで便利。
226,diverse workforce,noun,/daɪˈvɝːs ˈwɝːkfɔːrs/,多様な労働力、多様な人材,a workforce with people from different backgrounds,性別・年齢・国籍・経験などが異なる人々で構成された職場を表す。workplace diversityの話題で使いやすい。,build a diverse workforce / manage a diverse workforce / benefit from a diverse workforce / diverse workforce culture,A diverse workforce can bring new ideas to a company.,多様な人材は会社に新しいアイデアをもたらすことができる。,diverse staff; varied workforce; inclusive workforce; mixed workforce,Task 2のwork・equality topicで便利。
227,productivity boost,noun,/ˌproʊdʌkˈtɪvəti buːst/,生産性の向上,an increase in productivity,仕事や技術導入によって効率が上がることを表す。少しカジュアルだが、workやtechnologyの話題で使いやすい。,provide a productivity boost / significant productivity boost / productivity boost from automation / lead to a productivity boost,Automation can provide a major productivity boost for many industries.,自動化は多くの産業に大きな生産性向上をもたらす可能性がある。,efficiency improvement; productivity increase; performance gain; output growth,Task 2では “increase productivity” の方がより安全。
228,retention,noun,/rɪˈtenʃən/,維持、保持、人材定着,the ability to keep something or someone,従業員・学生・情報・顧客などを維持することを表す。work topicでは “employee retention” が重要。,employee retention / staff retention / customer retention / improve retention,Good working conditions can improve employee retention.,良い労働条件は従業員の定着率を高めることができる。,keeping; maintenance; preservation; staying rate,Task 2のwork・business topicで使える。
229,gain access to,phrase,/ɡeɪn ˈækses tuː/,〜へのアクセスを得る、利用できるようになる,to get the opportunity to use or enter something,教育・医療・情報・サービスなどを利用できるようになる時に使う。Task 2の格差や社会政策で非常に便利。,gain access to education / gain access to healthcare / gain access to information / gain access to technology,Students in rural areas should gain access to high-quality online education.,地方の学生は質の高いオンライン教育を利用できるようになるべきである。,get access to; obtain access to; be able to use; have access to,Task 2のeducation・healthcare・technologyで便利。
230,who might otherwise,phrase,/huː maɪt ˈʌðərwaɪz/,そうでなければ〜するかもしれない人々,who may do something if the situation were different,条件がなければ別の結果になっていた可能性を表す関係詞表現。Writingで情報を圧縮して自然に説明できる便利な形。,people who might otherwise / students who might otherwise / workers who might otherwise / children who might otherwise,Online courses can help students who might otherwise be unable to attend university.,オンラインコースは、そうでなければ大学に通えないかもしれない学生を助けることができる。,who would otherwise; who may otherwise; who could otherwise; otherwise unable to,Task 2で高度に見える表現。構造を理解して使うと便利。
231,job satisfaction,noun,/ˈdʒɑːb ˌsætɪsˈfækʃən/,仕事への満足度,the feeling of being happy with one’s job,給与だけでなく、働きやすさ・人間関係・成長機会などから生まれる仕事への満足感を表す。Task 2のwork topicで非常に使いやすい。,improve job satisfaction / high job satisfaction / low job satisfaction / employee job satisfaction,Flexible working hours can improve job satisfaction among employees.,柔軟な勤務時間は従業員の仕事への満足度を高めることができる。,work satisfaction; employee satisfaction; workplace happiness; career satisfaction,Task 2のwork-life balanceやremote workで便利。
232,social isolation,noun,/ˈsoʊʃəl ˌaɪsəˈleɪʃən/,社会的孤立,lack of contact with other people,人との交流が少なく、孤立している状態を表す。高齢者・リモートワーク・オンライン学習・メンタルヘルスの話題で使いやすい。,reduce social isolation / experience social isolation / social isolation among elderly people / lead to social isolation,Remote work may lead to social isolation if employees rarely meet their colleagues.,従業員が同僚とほとんど会わない場合、リモートワークは社会的孤立につながる可能性がある。,loneliness; isolation; lack of social contact; disconnection,Task 2のworkやhealth topicで非常に便利。
233,mutual trust,noun,/ˈmjuːtʃuəl trʌst/,相互信頼,trust between two or more people,一方的な信頼ではなく、双方が互いに信頼している状態を表す。職場・家族・国際関係などで使える。,build mutual trust / mutual trust between colleagues / maintain mutual trust / strengthen mutual trust,Good communication helps build mutual trust between managers and employees.,良いコミュニケーションは管理職と従業員の間の相互信頼を築くのに役立つ。,shared trust; reciprocal trust; confidence; trustful relationship,Task 2のworkplaceやrelationship topicで使いやすい。
234,work-life balance,noun,/ˌwɝːk laɪf ˈbæləns/,仕事と私生活のバランス,a balance between work and personal life,仕事の時間・負担と、家族・休息・趣味などの私生活を両立することを表す。現代の働き方の話題で頻出。,improve work-life balance / poor work-life balance / maintain work-life balance / achieve work-life balance,Remote work can help employees achieve a better work-life balance.,リモートワークは従業員がより良い仕事と私生活のバランスを実現するのに役立つ。,life-work balance; balance between work and life; personal balance; workplace flexibility,Task 2のwork topicで必須レベル。
235,establish reporting systems,phrase,/ɪˈstæblɪʃ rɪˈpɔːrtɪŋ ˈsɪstəmz/,報告制度を整備する,to create systems for reporting information,問題・進捗・不正・安全事項などを報告する仕組みを作ること。職場管理や組織運営の話題で使える。,establish reporting systems / establish clear reporting systems / establish internal reporting systems / establish reporting systems for problems,Companies should establish reporting systems to identify workplace problems early.,企業は職場の問題を早期に特定するために報告制度を整備すべきである。,create reporting systems; set up reporting systems; build reporting channels; introduce reporting procedures,Task 2のworkplace managementやsafety topicで便利。
236,set clear policies,phrase,/set klɪr ˈpɑːləsiz/,明確な方針を定める,to make rules or guidelines clear,組織や政府がルール・基準・方針をはっきり示す時に使う。問題を防ぐ解決策としてTask 2で使いやすい。,set clear policies / set clear workplace policies / set clear rules / set clear guidelines,Employers should set clear policies on remote work and communication.,雇用主はリモートワークとコミュニケーションに関する明確な方針を定めるべきである。,create clear rules; establish guidelines; introduce policies; clarify rules,Task 2のsolution paragraphで便利。
237,maintaining cohesion,gerund phrase,/meɪnˈteɪnɪŋ koʊˈhiːʒən/,結束を維持すること,keeping a group united,チーム・社会・組織がばらばらにならず、まとまりを保つことを表す。remote workやdiversityの話題で使いやすい。,maintaining team cohesion / maintaining social cohesion / maintaining workplace cohesion / maintaining cohesion among employees,Maintaining cohesion is more difficult when team members work from different locations.,チームメンバーが異なる場所で働く場合、結束を維持することはより難しい。,keeping unity; preserving harmony; maintaining solidarity; keeping people connected,Task 2のworkplaceやsociety topicで使える。
238,ensuring accountability,gerund phrase,/ɪnˈʃʊrɪŋ əˌkaʊntəˈbɪləti/,説明責任を確保すること,making sure people are responsible for their actions,人や組織が自分の行動や結果に責任を持つようにすること。政府・企業・職場管理の話題で使いやすい。,ensuring accountability / ensuring public accountability / ensuring accountability at work / ensuring accountability among staff,Regular progress reports are useful for ensuring accountability in remote teams.,定期的な進捗報告は、リモートチームで説明責任を確保するのに役立つ。,making people responsible; promoting responsibility; maintaining transparency; enforcing responsibility,Task 2のgovernmentやworkplace topicで便利。
239,lack self-discipline,phrase,/læk ˌself ˈdɪsəplɪn/,自制心に欠ける,to not have enough control over oneself,自分で計画的に行動したり、誘惑を抑えたりする力が不足している時に使う。オンライン学習や在宅勤務の弱点として使いやすい。,lack self-discipline / students who lack self-discipline / employees who lack self-discipline / lack enough self-discipline,Students who lack self-discipline may struggle with online learning.,自制心に欠ける学生はオンライン学習に苦労する可能性がある。,have poor self-control; be undisciplined; lack motivation; struggle to manage oneself,Task 2のeducationやremote workで便利。
240,poor coordination,noun,/pʊr koʊˌɔːrdɪˈneɪʃən/,連携不足、調整不足,weak organization between people or tasks,チーム内で情報共有や役割分担がうまくできていない状態を表す。仕事・プロジェクト・災害対応などで使える。,poor coordination between teams / poor coordination among staff / poor coordination causes delays / improve poor coordination,Poor coordination between departments can delay important projects.,部署間の連携不足は重要なプロジェクトを遅らせる可能性がある。,lack of coordination; weak cooperation; disorganization; poor teamwork,Task 2のworkplace topicで使いやすい。
241,asynchronous communication,noun,/eɪˈsɪŋkrənəs kəˌmjuːnɪˈkeɪʃən/,非同期コミュニケーション,communication that does not happen at the same time,メールやチャットのように、相手が同時に参加していなくても成立するコミュニケーションを指す。リモートワークの話題で便利。,asynchronous communication tools / use asynchronous communication / asynchronous communication in remote teams / rely on asynchronous communication,Asynchronous communication allows employees to respond when they are available.,非同期コミュニケーションにより、従業員は対応可能な時に返信できる。,delayed communication; non-real-time communication; email-based communication; flexible communication,Task 2のremote workやtechnology topicで使える。
242,chaos,noun,/ˈkeɪɑːs/,混乱、無秩序,complete confusion or disorder,状況が整理されておらず、非常に混乱している状態を表す。やや強い語なので、Writingでは本当に深刻な場合に使う。,create chaos / lead to chaos / total chaos / avoid chaos,"Without clear rules, remote work can lead to chaos and poor productivity.",明確なルールがなければ、リモートワークは混乱と低い生産性につながる可能性がある。,disorder; confusion; mess; disorganization,Task 2で使えるが、やや強い表現なので多用しない。
243,cohesion,noun,/koʊˈhiːʒən/,結束、一体感、まとまり,unity within a group,チームや社会のメンバーがまとまっている状態を表す。社会的結束やチームワークの話題で使いやすい。,social cohesion / team cohesion / workplace cohesion / strengthen cohesion,Face-to-face meetings can strengthen team cohesion.,対面の会議はチームの結束を強めることができる。,unity; solidarity; togetherness; harmony,Task 2のsocietyやwork topicで便利。
244,deteriorate,verb,/dɪˈtɪriəreɪt/,悪化する、低下する,to become worse,状況・健康・関係・品質などが悪くなる時に使う。“get worse” よりフォーマルでWriting向き。,deteriorate rapidly / conditions deteriorate / health deteriorates / relationships deteriorate,Communication may deteriorate if employees rarely interact in person.,従業員が対面でほとんど交流しない場合、コミュニケーションは悪化する可能性がある。,worsen; decline; degrade; become worse,Task 1・Task 2で使える重要語。
245,discipline,noun,/ˈdɪsəplɪn/,規律、自制心、学問分野,"control, order, or a field of study",職場や学習では「自分を律する力」、学校や組織では「規律」の意味で使う。オンライン学習や在宅勤務では特に重要な語。,self-discipline / strict discipline / maintain discipline / discipline at work,Remote workers need discipline to manage their time effectively.,リモートワーカーは時間を効果的に管理するために自制心が必要である。,self-control; order; regulation; training,Task 2のeducationやwork topicで非常に使いやすい。
246,procrastinate,verb,/proʊˈkræstɪneɪt/,先延ばしにする,to delay doing something,やるべきことを後回しにする時に使う。勉強・仕事・時間管理の話題で非常に自然。,procrastinate on tasks / tend to procrastinate / stop procrastinating / procrastinate until the deadline,Some students procrastinate when they study without direct supervision.,一部の学生は直接の監督なしで勉強する時、先延ばしにすることがある。,delay; put off; postpone; avoid doing,Task 2やSpeakingでstudy habitsを話す時に便利。
247,align,verb,/əˈlaɪn/,一致させる、合わせる,to make things match or work together,目標・方針・意見・スケジュールなどをそろえる時に使う。仕事や組織運営の話題でとても便利。,align goals / align policies / align with values / align schedules,Managers need to align team goals with the company’s overall strategy.,管理職はチームの目標を会社全体の戦略と一致させる必要がある。,match; coordinate; adjust; harmonise,Task 2のbusinessやworkplace topicで使える。
248,disposable income,noun,/dɪˈspoʊzəbl ˈɪnkʌm/,可処分所得、自由に使える収入,money left after paying taxes and basic costs,税金や生活必需費を差し引いた後に自由に使えるお金を指す。経済・消費・生活水準の話題で使いやすい。,high disposable income / low disposable income / increase disposable income / disposable income levels,People with higher disposable income are more likely to spend money on leisure activities.,可処分所得が高い人は余暇活動にお金を使う可能性が高い。,spending money; available income; remaining income; personal income,Task 2のeconomyやconsumer behaviourで便利。
249,trustworthy,adjective,/ˈtrʌstwɝːði/,信頼できる,reliable and honest,人・情報・組織が信用に値することを表す。“reliable” に近いが、誠実さのニュアンスが強い。,trustworthy information / trustworthy person / trustworthy source / seem trustworthy,Employees are more willing to share problems with trustworthy managers.,従業員は信頼できる管理職に対して問題を共有しやすい。,reliable; honest; credible; dependable,Task 2のmedia・workplace・leadership topicで使いやすい。
250,numerous,adjective,/ˈnuːmərəs/,多数の、多くの,many,“many” よりフォーマルで、Writingで数が多いことを表す時に便利。可算名詞の複数形と一緒に使う。,numerous benefits / numerous problems / numerous studies / numerous examples,"Remote work offers numerous benefits, but it also creates several challenges.",リモートワークは多くの利点をもたらすが、いくつかの課題も生み出す。,many; a large number of; several; multiple,Task 2で “numerous benefits/problems” が使いやすい。
251,housing developments,noun,/ˈhaʊzɪŋ dɪˈveləpmənts/,住宅開発地、住宅建設計画,areas where new houses are built,新しい住宅がまとまって建設される地域や開発計画を指す。Task 1 mapで「住宅地が増えた」と説明する時に便利。,new housing developments / large housing developments / residential housing developments / build housing developments,Several housing developments were built on the former farmland.,かつての農地にいくつかの住宅開発地が建設された。,residential developments; housing estates; new residential areas; housing projects,Task 1 mapで非常に使いやすい表現。
252,retain,verb,/rɪˈteɪn/,保持する、維持する,to keep something,建物・特徴・機能・人材などをそのまま維持する時に使う。“keep” よりフォーマルでWriting向き。,retain its original shape / retain employees / retain traditional features / retain control,The town retained its original street layout despite several new developments.,その町はいくつかの新しい開発にもかかわらず、元の道路配置を維持した。,keep; maintain; preserve; hold,Task 1 mapで「変わらず残った」を表す時に便利。
253,two-lane,adjective,/ˌtuː ˈleɪn/,二車線の,having two lanes,道路に車線が2つあることを表す。Task 1 mapで道路の規模や変化を説明する時に使える。,two-lane road / two-lane carriageway / two-lane bridge / narrow two-lane street,The old path was replaced by a two-lane road.,古い小道は二車線道路に置き換えられた。,two-laned; double-lane; two-way road; dual-lane,Task 1 mapで道路説明に便利。
254,carriageway,noun,/ˈkærɪdʒweɪ/,車道、車が通る道路部分,the part of a road used by vehicles,主にイギリス英語で、車が走る道路部分を指す。Task 1 mapで道路の拡張や車線数を説明する時に便利。,wide carriageway / two-lane carriageway / main carriageway / dual carriageway,The carriageway was widened to improve traffic flow.,交通の流れを改善するために車道が拡張された。,roadway; road; traffic lane; vehicle road,Task 1 mapで使えるが、一般的には “road” でも十分。
255,perimeter,noun,/pəˈrɪmɪtər/,周囲、外周、境界線,the outer edge of an area,土地・建物・公園などの外側の境界を表す。Task 1 mapで「周囲に沿って」と言いたい時に使いやすい。,around the perimeter / along the perimeter / perimeter fence / perimeter road,A new walking path was constructed around the perimeter of the park.,公園の外周に沿って新しい歩道が建設された。,boundary; edge; border; outer line,Task 1 mapで位置説明に便利。
256,thoroughfare,noun,/ˈθʌrəfer/,大通り、主要道路,a main road or public passage,人や車が通り抜ける主要な道を指す。ややフォーマルで、地図問題や都市計画の文脈で使える。,main thoroughfare / busy thoroughfare / major thoroughfare / public thoroughfare,The main thoroughfare runs through the centre of the town.,主要道路は町の中心部を通っている。,main road; major road; avenue; route,Task 1 mapで使えるが、スペルと発音が難しいので注意。
257,roundabout,noun,/ˈraʊndəbaʊt/,環状交差点、ロータリー,a circular road junction,車が円形に回りながら進む交差点を指す。Task 1 mapで道路変更の説明によく使える。,install a roundabout / build a roundabout / replace a junction with a roundabout / at the roundabout,The old junction was replaced by a roundabout.,古い交差点は環状交差点に置き換えられた。,traffic circle; rotary; circular junction; road junction,Task 1 mapで頻出の施設語。
258,pedestrian crossing,noun,/pəˈdestriən ˈkrɔːsɪŋ/,横断歩道,a marked place where people cross a road,歩行者が道路を安全に渡るための場所を表す。Task 1 mapで交通安全設備を説明する時に使える。,add a pedestrian crossing / pedestrian crossing near the station / use a pedestrian crossing / install pedestrian crossings,A pedestrian crossing was added near the school entrance.,学校の入口近くに横断歩道が追加された。,crosswalk; zebra crossing; crossing point; road crossing,Task 1 mapで道路周辺の変化を説明する時に便利。
259,lane,noun,/leɪn/,車線、小道,a narrow road or part of a road,道路の車線という意味と、田舎の細い道という意味がある。Task 1 mapでは “traffic lane” や “two lanes” として使いやすい。,bicycle lane / traffic lane / narrow lane / two lanes,A new bicycle lane was added along the main road.,主要道路に沿って新しい自転車レーンが追加された。,roadway strip; track; path; narrow road,Task 1 mapで道路・交通の説明に便利。
260,bisect,verb,/baɪˈsekt/,二分する、横切って分ける,to divide something into two parts,道路・川・線などが地域を2つに分けるように通っている時に使う。かなりフォーマルでTask 1 map向き。,bisect the area / bisect the town / road bisects the village / river bisects the park,A main road bisects the village from east to west.,主要道路が村を東西に二分している。,divide; cut through; split; separate,Task 1 mapで高度な表現として使える。
261,disparities,noun,/dɪˈspærətiz/,格差、相違、不均衡,large differences between groups,“disparity” の複数形で、収入・教育・地域・医療など複数の格差を表す。社会問題のTask 2で非常に便利。,income disparities / regional disparities / educational disparities / reduce disparities,Better public transport can help reduce regional disparities.,より良い公共交通は地域格差を減らすのに役立つ。,inequalities; gaps; differences; imbalances,Task 2のinequality topicで使いやすい。
262,division,noun,/dɪˈvɪʒən/,分割、区分、対立,the act of separating or a disagreement,物理的な分割だけでなく、社会・意見・階級の対立にも使う。Task 1では区画、Task 2では社会的分断を表せる。,clear division / social division / division between groups / division of land,The new road created a clear division between the residential and commercial areas.,新しい道路は住宅地と商業地の間に明確な区分を作った。,separation; split; divide; partition,Task 1 mapとTask 2 societyの両方で使える。
263,disparity,noun,/dɪˈspærəti/,格差、不均衡,a large difference between groups,収入・教育・地域・男女間などの大きな差を表す。“difference” より社会問題としての不公平感が強い。,income disparity / regional disparity / gender disparity / reduce disparity,There is a clear disparity in access to education between urban and rural areas.,都市部と地方の間には教育へのアクセスに明確な格差がある。,inequality; gap; imbalance; difference,Task 2のinequality topicで非常に使いやすい。
264,be left behind,phrase,/bi left bɪˈhaɪnd/,取り残される、遅れを取る,to fail to progress with others,社会・技術・教育の変化についていけず、不利な状態になる時に使う。Task 2で格差や支援の必要性を説明する時に便利。,be left behind by technology / be left behind in education / risk being left behind / communities left behind,Students without internet access may be left behind in online education.,インターネットにアクセスできない学生はオンライン教育で取り残される可能性がある。,fall behind; be excluded; be disadvantaged; lag behind,Task 2のeducation・technology・inequalityで便利。
265,widen,verb,/ˈwaɪdən/,広げる、広がる,to make or become wider,道路や川幅を広げる意味だけでなく、格差や差が拡大する時にも使える。Task 1とTask 2の両方で便利。,widen a road / widen the gap / widen access / widen inequality,The gap between rich and poor has widened in many cities.,多くの都市で貧富の差が拡大している。,broaden; expand; enlarge; increase,Task 1 mapでは道路、Task 2では格差に使える。
266,reinforce,verb,/ˌriːɪnˈfɔːrs/,強化する、補強する,to make something stronger,考え・規則・関係・構造などをより強くする時に使う。社会的な格差や固定観念にも使える。,reinforce stereotypes / reinforce inequality / reinforce social values / reinforce rules,Poor access to education can reinforce existing social inequalities.,教育へのアクセスの悪さは既存の社会的不平等を強化する可能性がある。,strengthen; support; intensify; consolidate,Task 2で “reinforce inequality/stereotypes” が便利。
267,redefine,verb,/ˌriːdɪˈfaɪn/,再定義する、意味を見直す,to define something in a new way,価値観・仕事・教育・成功などの意味を新しく捉え直す時に使う。現代社会や技術変化の話題で使いやすい。,redefine success / redefine work / redefine education / redefine social roles,Remote work has redefined the relationship between work and home.,リモートワークは仕事と家庭の関係を再定義した。,reinterpret; reshape; rethink; change the meaning of,Task 2のtechnology・work・society topicで使える。
268,inconclusive,adjective,/ˌɪnkənˈkluːsɪv/,結論が出ていない、決定的でない,not leading to a clear conclusion,証拠・研究結果・議論などがはっきりした結論を示していない時に使う。ReadingやTask 2で慎重な表現として便利。,inconclusive evidence / inconclusive results / remain inconclusive / inconclusive research,The evidence about the long-term effects of this policy remains inconclusive.,この政策の長期的な影響に関する証拠はまだ結論が出ていない。,unclear; uncertain; undecided; not definitive,Task 2で断定を避ける時に使える。
269,contest,verb,/kənˈtest/,異議を唱える、争う,to challenge or dispute something,意見・結果・決定などに反対して争う時に使う。名詞では「競争・コンテスト」だが、Writingでは動詞の意味も重要。,contest a decision / contest an election / contest a claim / strongly contest,Some experts contest the claim that technology always improves learning.,一部の専門家は、技術が常に学習を改善するという主張に異議を唱えている。,challenge; dispute; oppose; question,Task 2で反対意見を述べる時に使えるが、少し硬め。
270,reshape,verb,/ˌriːˈʃeɪp/,作り変える、再形成する,to change the form or nature of something,物理的な形だけでなく、社会・産業・生活様式を大きく変える時に使う。Task 2でtechnologyやurban developmentに便利。,reshape society / reshape the economy / reshape urban areas / reshape the workplace,Technology has reshaped the way people communicate and work.,技術は人々のコミュニケーションや働き方を作り変えた。,transform; change; reform; remodel,Task 2のtechnology・work・society topicで非常に使いやすい。
271,postal code,noun,/ˈpoʊstəl koʊd/,郵便番号,a number or code used for mail delivery,住所を特定して郵便物を届けるための番号。イギリス英語では “postcode”、アメリカ英語では “ZIP code” もよく使う。,enter a postal code / provide a postal code / postal code system / correct postal code,Please enter your postal code when filling out the online form.,オンラインフォームに記入する時は郵便番号を入力してください。,postcode; ZIP code; address code; mailing code,Speakingの日常表現やフォーム記入の文脈で使える。
272,adversely,adverb,/ædˈvɝːsli/,悪く、不利に、悪影響を及ぼして,in a harmful or negative way,“affect” と一緒に使われることが多く、“adversely affect” で「悪影響を及ぼす」という意味になる。Writingでかなり使いやすいフォーマル表現。,adversely affect health / adversely affect children / adversely affected by pollution / impact adversely,Air pollution can adversely affect children’s health.,大気汚染は子どもの健康に悪影響を及ぼす可能性がある。,negatively; harmfully; unfavourably; badly,Task 2で “adversely affect...” は非常に便利。
273,tailored,adjective,/ˈteɪlərd/,個別に合わせた、調整された,made or adapted for a specific need,人や目的に合わせて調整されたものを表す。教育・医療・サービス・政策の話題で使いやすい。,tailored support / tailored education / tailored services / tailored to individual needs,Students can benefit from tailored support based on their learning needs.,学生は自分の学習ニーズに基づいた個別支援から恩恵を受けることができる。,customised; personalised; adapted; adjusted,Task 2のeducationやhealthcare topicで便利。
274,empathetic,adjective,/ˌempəˈθetɪk/,共感力のある、相手の気持ちを理解する,showing the ability to understand others’ feelings,相手の立場に立って感情を理解できる様子を表す。“sympathetic” より、相手の気持ちを内側から理解するニュアンスが強い。,empathetic teacher / empathetic response / empathetic communication / be empathetic toward others,Empathetic teachers can better understand students’ emotional needs.,共感力のある教師は学生の感情的なニーズをよりよく理解できる。,understanding; compassionate; sensitive; emotionally aware,Task 2のeducation・healthcare・relationship topicで使いやすい。
275,sympathetic,adjective,/ˌsɪmpəˈθetɪk/,同情的な、理解を示す,showing care or support for someone’s problem,相手の困難に対して同情や支援の気持ちを示す時に使う。“empathetic” より「かわいそうに思う・支える」ニュアンスが強い。,sympathetic attitude / sympathetic listener / sympathetic to students / sympathetic response,Managers should be sympathetic to employees who face family difficulties.,管理職は家庭の問題を抱える従業員に理解を示すべきである。,understanding; supportive; compassionate; kind,Task 2やSpeakingで人間関係・職場の話題に便利。
276,explicit,adjective,/ɪkˈsplɪsɪt/,明確な、はっきり述べられた,clear and direct,曖昧ではなく、言葉ではっきり示されていることを表す。ルール・説明・指示・内容について使いやすい。,explicit rules / explicit instructions / explicit explanation / make something explicit,Schools should provide explicit rules about online behaviour.,学校はオンライン上の行動について明確なルールを示すべきである。,clear; direct; specific; unambiguous,Task 2で “explicit rules/instructions” が使いやすい。
277,compassion,noun,/kəmˈpæʃən/,思いやり、深い同情,kindness toward people who are suffering,苦しんでいる人に対して助けたいと思う温かい気持ちを表す。“pity” より前向きで深い思いやりがある。,show compassion / compassion for others / lack compassion / act with compassion,Healthcare workers need both professional skills and compassion.,医療従事者には専門的な技術と思いやりの両方が必要である。,kindness; empathy; sympathy; humanity,Task 2のhealthcare・education・social issuesで使いやすい。
278,irreplaceable,adjective,/ˌɪrɪˈpleɪsəbl/,かけがえのない、代替できない,too valuable or special to be replaced,人・経験・文化・役割などが他のものでは代えられないほど重要である時に使う。強い肯定表現。,irreplaceable role / irreplaceable experience / irreplaceable value / irreplaceable part,Teachers play an irreplaceable role in children’s emotional development.,教師は子どもの感情的発達においてかけがえのない役割を果たす。,unique; invaluable; essential; cannot be replaced,Task 2で人間の役割をAIやオンライン教育と比較する時に便利。
279,pastoral care,noun,/ˈpæstərəl ker/,生徒への精神的・生活面の支援,emotional and social support for students,学校で生徒の学業以外の心の健康・生活・人間関係を支えることを指す。イギリス英語圏の教育文脈でよく使う。,provide pastoral care / pastoral care system / pastoral care in schools / strong pastoral care,Schools should provide pastoral care as well as academic instruction.,学校は学業指導だけでなく、生徒への精神的・生活面の支援も提供すべきである。,student support; emotional support; welfare support; guidance,Task 2のeducation topicで使えるが、少し専門的。
280,distance education,noun,/ˈdɪstəns ˌedʒuˈkeɪʃən/,遠隔教育,education provided when teachers and students are not in the same place,オンライン授業や通信教育など、教師と学生が離れた場所で行う教育を指す。“online learning” より広い意味。,distance education programmes / provide distance education / access distance education / distance education students,Distance education can help students in remote areas access quality courses.,遠隔教育は遠隔地の学生が質の高い授業を受けるのに役立つ。,online learning; remote education; e-learning; correspondence education,Task 2のeducation・technology topicで非常に便利。
281,indispensable,adjective,/ˌɪndɪˈspensəbl/,不可欠な、絶対に必要な,absolutely necessary,何かを成功させるために欠かせないものを表す。“important” より強い表現なので、使う時は理由を明確にすると自然。,indispensable role / indispensable skill / indispensable tool / indispensable for success,Digital literacy has become indispensable in modern workplaces.,デジタルリテラシーは現代の職場で不可欠になっている。,essential; necessary; vital; crucial,Task 2で強い主張をする時に便利。
282,replicate,verb,/ˈreplɪkeɪt/,再現する、複製する,to copy or reproduce something,同じ結果・経験・環境を再現する時に使う。教育や科学の文脈でよく使われる。,replicate results / replicate an experience / difficult to replicate / replicate classroom interaction,It is difficult for online courses to fully replicate face-to-face interaction.,オンライン授業が対面での交流を完全に再現することは難しい。,copy; reproduce; recreate; duplicate,Task 2でonline educationとtraditional educationを比較する時に便利。
283,conversely,adverb,/ˈkɑːnvɝːsli/,逆に、反対に,on the other hand,前の内容と対照的な情報を述べる時に使う。“On the other hand” よりフォーマルでWriting向き。,"conversely, some argue / conversely, others believe / conversely, this may / conversely, rural students","Online learning is flexible; conversely, it may reduce social interaction.",オンライン学習は柔軟である。逆に、社会的交流を減らす可能性もある。,in contrast; on the other hand; by contrast; however,Task 1・Task 2で対比を作る時に便利。
284,social cohesion,noun,/ˈsoʊʃəl koʊˈhiːʒən/,社会的結束、社会のまとまり,unity and cooperation within society,社会の人々が信頼し合い、協力し、対立せずにまとまっている状態を表す。移民・教育・格差の話題で使いやすい。,strengthen social cohesion / promote social cohesion / weaken social cohesion / social cohesion in communities,Shared public spaces can strengthen social cohesion in local communities.,共有の公共空間は地域社会の社会的結束を強めることができる。,social unity; solidarity; community harmony; togetherness,Task 2のsociety・education・immigration topicで便利。
285,cooperation,noun,/koʊˌɑːpəˈreɪʃən/,協力、協調,working together toward a goal,人・組織・国などが共通の目的のために協力することを表す。Task 2でかなり幅広く使える基本語。,international cooperation / close cooperation / cooperation between countries / promote cooperation,International cooperation is necessary to tackle climate change.,気候変動に取り組むには国際協力が必要である。,collaboration; teamwork; partnership; joint effort,Task 2のenvironment・society・work topicで使いやすい。
286,tolerance,noun,/ˈtɑːlərəns/,寛容、受け入れる力,acceptance of differences,異なる意見・文化・宗教・価値観を受け入れる姿勢を表す。多文化社会や教育の話題で非常に使いやすい。,promote tolerance / cultural tolerance / religious tolerance / tolerance toward others,Schools can teach children tolerance toward people from different backgrounds.,学校は子どもに異なる背景を持つ人々への寛容さを教えることができる。,acceptance; open-mindedness; patience; understanding,Task 2のculture・education・immigration topicで便利。
287,employability,noun,/ɪmˌplɔɪəˈbɪləti/,雇用されやすさ、就職力,the ability to get and keep a job,スキル・経験・資格などにより仕事を得やすい状態を表す。教育と仕事をつなげる話題で頻出。,improve employability / employability skills / graduate employability / increase employability,Internships can improve students’ employability after graduation.,インターンシップは卒業後の学生の就職力を高めることができる。,job readiness; career prospects; work skills; employment potential,Task 2のeducation・employment topicで非常に便利。
288,privileged,adjective,/ˈprɪvəlɪdʒd/,恵まれた、特権を持つ,having advantages that others do not have,経済的・社会的に有利な立場にある人を表す。格差の話題で使いやすいが、やや批判的に聞こえる場合もある。,privileged background / privileged children / privileged groups / come from a privileged family,Children from privileged backgrounds often have more educational opportunities.,恵まれた家庭環境の子どもは、より多くの教育機会を持つことが多い。,advantaged; wealthy; favoured; well-off,Task 2のinequality topicで便利。
289,underprivileged,adjective,/ˌʌndərˈprɪvəlɪdʒd/,恵まれない、社会的に不利な,lacking social or economic advantages,教育・収入・家庭環境などで不利な立場にある人々を指す。社会政策や教育支援の話題で非常に使いやすい。,underprivileged children / underprivileged communities / support underprivileged groups / underprivileged students,Scholarships can help underprivileged students enter higher education.,奨学金は恵まれない学生が高等教育に進むのを助けることができる。,disadvantaged; deprived; poor; socially excluded,Task 2のeducation・poverty・inequality topicで重要。
290,compel,verb,/kəmˈpel/,強制する、やむを得ず〜させる,to force someone to do something,法律・状況・必要性などが人に行動を強いる時に使う。“force” よりフォーマル。受動態 “be compelled to” もよく使う。,compel people to act / compel companies to / be compelled to leave / legally compel,Governments may need to compel companies to reduce harmful emissions.,政府は企業に有害な排出を減らすよう強制する必要があるかもしれない。,force; oblige; require; pressure,Task 2のpolicyやlaw topicで使いやすい。
291,infrequently,adverb,/ɪnˈfriːkwəntli/,めったに〜ない、まれに,not often,頻度が低いことを表すフォーマル寄りの副詞。“rarely” と近いが、やや硬い。Task 1で頻度や変化が少ないことを説明する時に使える。,occur infrequently / use infrequently / visit infrequently / happen infrequently,"Some rural bus services run infrequently, making travel difficult for residents.",一部の地方バスは運行頻度が低く、住民の移動を難しくしている。,rarely; seldom; not often; occasionally,Task 1・Task 2で使えるが、Speakingでは “not very often” の方が自然。
292,In this sense,phrase,/ɪn ðɪs sens/,この意味で、この点において,in this way or meaning,前の内容を受けて、「その意味では」と説明を続ける時に使う。論理をつなぐ表現だが、使いすぎると不自然。,"in this sense, education / in this sense, technology / in this sense, it can be argued / in this sense, the policy","In this sense, public transport can be seen as a tool for social inclusion.",この意味で、公共交通は社会的包摂のための手段と見なすことができる。,in this way; from this perspective; in this respect; in this regard,Task 2で説明を深める時に便利。
293,equitable,adjective,/ˈekwɪtəbl/,公平な、公正な,fair and just,単なる “equal” ではなく、人々の状況に応じて公平に機会や資源を分配するニュアンスがある。教育・医療・交通政策で使いやすい。,equitable access / equitable distribution / equitable society / equitable transport system,Cities should provide equitable access to safe and affordable transport.,都市は安全で手頃な交通への公平なアクセスを提供すべきである。,fair; just; impartial; balanced,Task 2のinequalityやpublic policyで非常に便利。
294,social inclusion,noun,/ˈsoʊʃəl ɪnˈkluːʒən/,社会的包摂、社会参加の促進,the process of including all groups in society,高齢者・障害者・低所得者などが社会から排除されず、サービスや活動に参加できる状態を表す。社会政策のTask 2で使いやすい。,promote social inclusion / support social inclusion / social inclusion policies / improve social inclusion,Affordable public transport can promote social inclusion among low-income groups.,手頃な公共交通は低所得層の社会的包摂を促進できる。,inclusiveness; social participation; community inclusion; equal participation,Task 2のtransport・welfare・inequality topicで便利。
295,decarbonise,verb,/ˌdiːˈkɑːrbənaɪz/,脱炭素化する,to reduce carbon emissions,経済・産業・交通・エネルギーなどからCO2排出を減らすことを表す。英国式スペルで、米国式は “decarbonize”。,decarbonise the economy / decarbonise transport / decarbonise industry / decarbonise energy systems,Governments need to decarbonise transport to meet climate targets.,政府は気候目標を達成するために交通を脱炭素化する必要がある。,reduce carbon emissions; cut emissions; make low-carbon; transition away from fossil fuels,Task 2のclimate changeやtransportで非常に使いやすい。
296,sustainable transport,noun,/səˈsteɪnəbl ˈtrænspɔːrt/,持続可能な交通,transport that has less environmental impact,公共交通・自転車・徒歩・電気自動車など、環境負荷が低く長期的に維持可能な交通を指す。都市問題や環境政策で使いやすい。,promote sustainable transport / invest in sustainable transport / sustainable transport systems / shift to sustainable transport,Investing in sustainable transport can reduce air pollution in cities.,持続可能な交通への投資は都市の大気汚染を減らすことができる。,green transport; low-carbon transport; eco-friendly transport; public transport solutions,Task 2のenvironment・urban planningで便利。
297,reliance,noun,/rɪˈlaɪəns/,依存、頼ること,dependence on something,人・制度・技術・資源などに頼っている状態を表す。“reliance on cars” や “reliance on fossil fuels” が頻出。,heavy reliance on cars / reliance on fossil fuels / reduce reliance / excessive reliance,Urban areas should reduce their reliance on private cars.,都市部は自家用車への依存を減らすべきである。,dependence; dependency; need; trust,Task 2で “reduce reliance on...” が非常に便利。
298,mitigate,verb,/ˈmɪtɪɡeɪt/,軽減する、和らげる,to make a problem less serious,問題を完全に解決するのではなく、悪影響や深刻さを小さくする時に使う。climate changeやriskと相性がよい。,mitigate climate change / mitigate risks / mitigate negative effects / mitigate traffic congestion,Expanding public transport can help mitigate traffic congestion.,公共交通を拡大することは交通渋滞の軽減に役立つ。,reduce; alleviate; lessen; ease,Task 2のsolution paragraphで非常に使いやすい。
299,perpendicular,adjective,/ˌpɝːpənˈdɪkjələr/,垂直の、直角の,at a 90-degree angle,線・道路・建物などが直角に交わる時に使う。Task 1 mapや図形説明で便利だが、日常ではやや専門的。,perpendicular roads / perpendicular lines / run perpendicular to / be perpendicular to,The new road runs perpendicular to the main avenue.,新しい道路は主要な大通りに対して直角に走っている。,at right angles; vertical; upright; crosswise,Task 1 mapで道路配置を説明する時に使える。
300,revitalisation,noun,/ˌriːvaɪtəlaɪˈzeɪʃən/,再活性化、再生,the process of making something active again,衰退した地域・経済・商店街などを再び活気づけること。英国式スペルで、米国式は “revitalization”。,urban revitalisation / economic revitalisation / community revitalisation / revitalisation project,The revitalisation of the town centre attracted new businesses.,町の中心部の再活性化は新しい企業を引きつけた。,renewal; regeneration; redevelopment; revival,Task 1 mapやTask 2のurban developmentで使える。
301,"This, in turn,",phrase,/ðɪs ɪn tɝːn/,これが今度は、その結果として,this then causes another result,前の文で述べた内容が、次の結果を引き起こすことを示す接続表現。因果関係を自然につなげる時に便利。,"this, in turn, leads to / this, in turn, reduces / this, in turn, can improve / this, in turn, creates","Public transport reduces car use. This, in turn, lowers urban emissions.",公共交通は自動車利用を減らす。これが今度は都市の排出量を下げる。,as a result; consequently; this then; therefore,Task 2で原因と結果をつなぐ時に便利。
302,cramped,adjective,/kræmpt/,狭苦しい、窮屈な,too small and crowded,部屋・家・交通機関・都市空間などが狭くて快適でない時に使う。SpeakingやTask 1 mapで使いやすい。,cramped apartment / cramped conditions / cramped classroom / cramped space,Many families live in cramped apartments in large cities.,多くの家族は大都市で狭苦しいアパートに住んでいる。,crowded; confined; narrow; overcrowded,Speakingのhousing topicやTask 2のurbanisationで便利。
303,adequate,adjective,/ˈædɪkwət/,十分な、適切な,enough for a purpose,必要な基準を満たす程度に十分という意味。“excellent” ではなく「最低限十分」に近い。教育・交通・設備・支援の話題で使いやすい。,adequate funding / adequate support / adequate facilities / adequate public transport,Cities need adequate public transport to reduce dependence on cars.,都市は自動車への依存を減らすために十分な公共交通を必要としている。,sufficient; enough; satisfactory; acceptable,Task 2で “adequate support/funding/facilities” が便利。
304,afford,verb,/əˈfɔːrd/,〜を買う余裕がある、負担できる,to have enough money or ability to do something,お金・時間・余裕があるかを表す。“can afford to do” や “cannot afford something” の形でよく使う。,afford housing / afford public transport / afford to buy / cannot afford,Low-income families may not be able to afford private cars.,低所得家庭は自家用車を買う余裕がないかもしれない。,pay for; manage to buy; bear the cost; be able to purchase,Task 2のpoverty・housing・transportで使いやすい。
305,continual,adjective,/kənˈtɪnjuəl/,頻繁に繰り返される、継続的な,happening repeatedly over time,“continuous” は途切れなく続く感じが強いが、“continual” は何度も繰り返されるニュアンスがある。問題や改善の話題で使える。,continual improvement / continual delays / continual changes / continual pressure,Continual delays in public transport can reduce people’s trust in the system.,公共交通の度重なる遅延は、人々の制度への信頼を低下させる可能性がある。,repeated; frequent; ongoing; recurring,Task 2で使えるが、“continuous” との違いに注意。
306,leakage,noun,/ˈliːkɪdʒ/,漏れ、漏出,"the escape of liquid, gas, or information",水・ガス・油・情報などが漏れることを表す。環境・インフラ・安全管理の文脈で使える。,water leakage / gas leakage / leakage from pipes / prevent leakage,Old water pipes can cause leakage and waste valuable resources.,古い水道管は漏水を引き起こし、貴重な資源を無駄にする可能性がある。,leak; escape; seepage; spillage,Task 2のinfrastructureやenvironmentで使える。
307,volatile,adjective,/ˈvɑːlətl/,変動しやすい、不安定な,likely to change suddenly,価格・市場・状況・感情などが急に変わりやすい時に使う。経済やエネルギー価格の話題で便利。,volatile prices / volatile market / volatile situation / highly volatile,"Fuel prices are volatile, which makes transport costs difficult to predict.",燃料価格は変動しやすく、交通費の予測を難しくする。,unstable; changeable; unpredictable; fluctuating,Task 2のeconomy・energy topicで使いやすい。
308,unlikely,adjective,/ʌnˈlaɪkli/,起こりそうにない、可能性が低い,not likely to happen,可能性が低いことを表す基本語。“It is unlikely that...” の形でWritingにも使いやすい。,highly unlikely / unlikely to happen / unlikely to succeed / it is unlikely that,It is unlikely that car use will decline without better public transport.,より良い公共交通なしに自動車利用が減少する可能性は低い。,improbable; doubtful; not expected; not likely,Task 2で慎重な予測を述べる時に便利。
309,discharge,verb,/dɪsˈtʃɑːrdʒ/,排出する、放出する、退院させる,"to release liquid, gas, or a patient",工場が排水やガスを放出する意味で環境トピックに使える。医療では患者を退院させる意味もあるので文脈に注意。,discharge wastewater / discharge pollutants / discharge into rivers / discharge a patient,Factories should not discharge untreated wastewater into rivers.,工場は未処理の排水を川に放出すべきではない。,release; emit; pour out; let out,Task 2のpollution topicで使いやすい。
310,maintenance,noun,/ˈmeɪntənəns/,維持管理、保守,the work of keeping something in good condition,道路・建物・機械・交通システムなどを安全で使える状態に保つ作業を表す。infrastructureの話題で重要。,regular maintenance / road maintenance / maintenance costs / proper maintenance,Regular maintenance is essential for safe and reliable public transport.,安全で信頼できる公共交通には定期的な維持管理が不可欠である。,upkeep; repair; servicing; preservation,Task 2のtransport・infrastructure topicで便利。
311,civilian,noun,/səˈvɪliən/,民間人、一般市民,a person who is not in the military or police,軍人・警察官ではない一般市民を指す。戦争・治安・警察活動の話題でよく使う。,protect civilians / civilian population / civilian casualties / harm civilians,Governments must protect civilians during armed conflicts.,政府は武力紛争中に民間人を守らなければならない。,ordinary citizen; non-combatant; member of the public; resident,Task 2のwar・crime・policing topicで使える。
312,confrontation,noun,/ˌkɑːnfrənˈteɪʃən/,対立、衝突、にらみ合い,a direct conflict or disagreement,人・集団・警察などの間で直接的な対立が起こる時に使う。暴力に発展する前の緊張状態にも使える。,avoid confrontation / direct confrontation / violent confrontation / confrontation with police,Better communication can help avoid unnecessary confrontation between police and citizens.,より良いコミュニケーションは警察と市民の不要な対立を避けるのに役立つ。,conflict; clash; dispute; face-off,Task 2のcrimeやpublic order topicで便利。
313,deter,verb,/dɪˈtɝː/,思いとどまらせる、抑止する,to discourage someone from doing something,罰・監視・法律などによって、人が悪い行動をしないようにする時に使う。犯罪トピックで非常に重要。,deter crime / deter offenders / deter people from breaking the law / deter illegal activity,Strict penalties may deter some people from committing crimes.,厳しい罰は一部の人々が犯罪を犯すのを思いとどまらせるかもしれない。,discourage; prevent; dissuade; stop,Task 2のcrime and punishmentで必須級。
314,likelihood,noun,/ˈlaɪklihʊd/,可能性、見込み,the chance that something will happen,何かが起こる可能性を表すフォーマルな語。“chance” よりWriting向き。,high likelihood / reduce the likelihood / likelihood of crime / increase the likelihood,Community policing can reduce the likelihood of violent confrontation.,地域に根ざした警察活動は暴力的な衝突の可能性を減らすことができる。,probability; chance; possibility; risk,Task 2で “reduce the likelihood of...” が使いやすい。
315,rigorous,adjective,/ˈrɪɡərəs/,厳格な、徹底した,"strict, careful, and thorough",調査・審査・訓練・基準などが細かく厳しい時に使う。安全性や信頼性を高める文脈で便利。,rigorous training / rigorous background checks / rigorous standards / rigorous investigation,Police officers should receive rigorous training before carrying weapons.,警察官は武器を携帯する前に厳格な訓練を受けるべきである。,strict; thorough; careful; demanding,Task 2のpolicyやlaw enforcementで使いやすい。
316,excessive force,noun,/ɪkˈsesɪv fɔːrs/,過剰な武力、過剰な力の行使,more force than is necessary,警察や軍が必要以上の力を使うことを指す。人権・治安維持・警察改革の話題で重要。,use excessive force / excessive force by police / prevent excessive force / allegations of excessive force,The use of excessive force can damage public trust in the police.,過剰な力の行使は警察への社会的信頼を損なう可能性がある。,unnecessary force; disproportionate force; police brutality; overuse of force,Task 2のpolicing topicで非常に使える。
317,routinely,adverb,/ruːˈtiːnli/,日常的に、定期的に,as part of a regular practice,特別な場合ではなく、普段から繰り返し行われることを表す。法律・医療・職場などで使える。,routinely check / routinely carry weapons / routinely monitor / routinely inspect,"In some countries, police officers routinely carry firearms.",一部の国では、警察官が日常的に銃を携帯している。,regularly; habitually; commonly; as usual,Task 2で国や制度の違いを説明する時に便利。
318,erode trust,phrase,/ɪˈroʊd trʌst/,信頼を徐々に損なう,to gradually damage trust,“erode” は少しずつ削るイメージで、信頼・権利・民主主義などが徐々に弱まる時に使う。,erode public trust / erode trust in police / erode mutual trust / gradually erode trust,Misuse of authority can erode trust in public institutions.,権力の乱用は公的機関への信頼を徐々に損なう可能性がある。,undermine trust; weaken trust; damage trust; reduce confidence,Task 2で “erode public trust” はかなり便利。
319,oversight,noun,/ˈoʊvərsaɪt/,監督、見落とし,supervision or an accidental mistake,文脈により「監督」と「見落とし」の両方の意味がある。警察・政府・企業の文脈では「監督」の意味で使うことが多い。,government oversight / independent oversight / lack of oversight / strong oversight,Independent oversight is necessary to prevent the misuse of police power.,警察権力の乱用を防ぐには独立した監督が必要である。,supervision; monitoring; regulation; inspection,Task 2のgovernment・policing topicで便利。
320,civil liberties,noun,/ˈsɪvəl ˈlɪbərtiz/,市民的自由、市民の基本的権利,basic freedoms protected by law,言論の自由・プライバシー・集会の自由など、市民が持つ基本的な自由を指す。法律・監視社会・治安対策の話題で使える。,protect civil liberties / threaten civil liberties / civil liberties groups / restrict civil liberties,Excessive surveillance may threaten civil liberties.,過度な監視は市民的自由を脅かす可能性がある。,basic freedoms; individual rights; constitutional rights; personal liberties,Task 2のlaw・technology・security topicで重要。
321,contentious,adjective,/kənˈtenʃəs/,議論を呼ぶ、賛否の分かれる,causing disagreement,社会的に意見が分かれやすい問題や政策を表す。“controversial” に近く、Writingで使いやすい。,contentious issue / contentious policy / highly contentious / remain contentious,Arming police officers remains a contentious issue in many countries.,警察官に武器を持たせることは多くの国で依然として議論を呼ぶ問題である。,controversial; disputed; debatable; divisive,Task 2で「賛否がある問題」を説明する時に便利。
322,misuse,noun,/ˌmɪsˈjuːs/,誤用、悪用、乱用,wrong or harmful use,権力・情報・技術・薬物などを不適切に使うことを表す。動詞としても使える。,misuse of power / misuse of data / prevent misuse / misuse of authority,Strict rules are needed to prevent the misuse of personal data.,個人情報の悪用を防ぐには厳しい規則が必要である。,abuse; improper use; wrongful use; exploitation,Task 2のtechnology・government・policingで便利。
323,deterrence,noun,/dɪˈtɝːrəns/,抑止、抑止力,the act of discouraging crime or attack,罰や防衛力によって、相手に悪い行動を思いとどまらせる考え方。犯罪・国防の話題でよく使う。,crime deterrence / nuclear deterrence / deterrence effect / effective deterrence,Some people believe that harsh punishment has a strong deterrence effect.,厳しい罰には強い抑止効果があると考える人もいる。,prevention; discouragement; dissuasion; restraint,Task 2のcrime and punishmentで高得点語彙になりやすい。
324,accountability,noun,/əˌkaʊntəˈbɪləti/,説明責任、責任を負うこと,responsibility for actions and decisions,人や組織が自分の行動について説明し、責任を取ることを表す。政府・警察・企業の話題で非常に便利。,ensure accountability / public accountability / police accountability / lack of accountability,Body cameras can improve police accountability.,ボディカメラは警察の説明責任を高めることができる。,responsibility; answerability; transparency; liability,Task 2のgovernmentやpolicing topicで重要。
325,background check,noun,/ˈbækɡraʊnd tʃek/,身元調査、経歴確認,a check of someone’s history,雇用・銃購入・資格審査などで、犯罪歴や経歴を確認することを指す。lawやemployment topicで使える。,conduct a background check / require a background check / pass a background check / criminal background check,A background check should be required before someone can buy a gun.,銃を購入する前に身元調査が必要であるべきだ。,identity check; history check; screening; vetting,Task 2のgun controlやemploymentで便利。
326,background checks,noun,/ˈbækɡraʊnd tʃeks/,身元調査、経歴確認,a process of checking people’s histories,“background check” の複数形で、制度として複数の人に行われる調査を指す時に使う。policy discussionでよく使う。,stricter background checks / mandatory background checks / background checks for gun buyers / conduct background checks,Stricter background checks may reduce the risk of weapons falling into the wrong hands.,より厳格な身元調査は、武器が不適切な人の手に渡るリスクを減らすかもしれない。,screening procedures; vetting checks; identity checks; history checks,Task 2では複数形 “background checks” が自然なことが多い。
327,unnecessary force,noun,/ʌnˈnesəseri fɔːrs/,不要な力の行使,avoidable or unjustified force,状況に対して必要以上、または正当化できない力を使うことを表す。“excessive force” より少し一般的。,use unnecessary force / avoid unnecessary force / unnecessary force against civilians / unnecessary force by officers,Training can help officers avoid unnecessary force.,訓練は警察官が不要な力の行使を避けるのに役立つ。,excessive force; unjustified force; disproportionate force; overuse of force,Task 2のpolicing topicで使える。
328,escalation of violence,noun,/ˌeskəˈleɪʃən əv ˈvaɪələns/,暴力の激化,an increase in the level of violence,対立や衝突がさらに暴力的になることを表す。警察・戦争・抗議活動の話題で使いやすい。,prevent escalation of violence / risk of escalation of violence / lead to escalation of violence / rapid escalation of violence,Poor crowd control can lead to an escalation of violence.,不十分な群衆管理は暴力の激化につながる可能性がある。,increase in violence; intensification of violence; worsening violence; violent escalation,Task 2のcrime・public orderで便利。
329,public perception,noun,/ˈpʌblɪk pərˈsepʃən/,世間の認識、社会の受け止め方,how the public sees something,ある政策・制度・事件について、人々がどう感じたり理解したりしているかを表す。世論や信頼を説明する時に便利。,public perception of police / shape public perception / negative public perception / change public perception,Public perception of the police can affect cooperation between officers and communities.,警察に対する世間の認識は、警察官と地域社会の協力に影響を与える可能性がある。,public opinion; social attitude; public view; common perception,Task 2のpolicing・media・policy topicで使いやすい。
330,criminal,noun,/ˈkrɪmɪnəl/,犯罪者,a person who commits a crime,犯罪を犯した人を指す基本語。形容詞では「犯罪の」という意味にもなるため、文脈に注意。,convicted criminal / violent criminal / catch criminals / punish criminals,Not all criminals should receive the same type of punishment.,すべての犯罪者が同じ種類の罰を受けるべきではない。,offender; lawbreaker; culprit; wrongdoer,Task 2のcrime topicで基本語。
331,offender,noun,/əˈfendər/,犯罪者、違反者,a person who breaks the law,法律や規則に違反した人を指す。“criminal” より少し制度的・法律的な響きがあり、若者犯罪などでよく使う。,young offenders / repeat offenders / first-time offenders / rehabilitate offenders,Education programmes can help offenders reintegrate into society.,教育プログラムは犯罪者が社会に再統合するのを助けることができる。,criminal; lawbreaker; culprit; wrongdoer,Task 2のcrime and punishmentで非常に使いやすい。
332,gun-related crime,noun,/ˈɡʌn rɪˌleɪtɪd kraɪm/,銃関連犯罪,crime involving guns,銃が使われる犯罪全般を指す表現。治安・警察・銃規制のTask 2で使いやすい。,gun-related crime rates / reduce gun-related crime / gun-related crime in cities / prevent gun-related crime,Stricter firearm regulations may help reduce gun-related crime.,より厳しい銃規制は銃関連犯罪を減らすのに役立つかもしれない。,firearm crime; gun violence; armed crime; weapon-related crime,Task 2のcrimeやpublic safety topicで便利。
333,firearm,noun,/ˈfaɪərɑːrm/,銃器,a gun that can be carried,拳銃やライフルなどの銃器を指すフォーマルな語。“gun” より法律・政策の文脈で使いやすい。,carry a firearm / firearm ownership / firearm regulations / firearm-related deaths,Police officers in some countries routinely carry firearms.,一部の国では警察官が日常的に銃器を携帯している。,gun; weapon; handgun; rifle,Task 2のgun controlやpolicing topicで重要。
334,homicide,noun,/ˈhɑːmɪsaɪd/,殺人、人を殺すこと,the killing of one person by another,法律・犯罪統計で使われる語。“murder” は意図的な殺人を指すことが多いが、“homicide” は人が人を殺す行為全般を指す。,homicide rate / firearm homicide / commit homicide / homicide cases,The homicide rate declined after new safety measures were introduced.,新しい安全対策が導入された後、殺人率は低下した。,murder; killing; manslaughter; fatal violence,Task 2のcrime topicやReadingで出やすい。
335,assault,noun,/əˈsɔːlt/,暴行、攻撃,a violent attack on someone,人に対する暴力的な攻撃を指す。法律や犯罪の文脈でよく使われ、身体的な暴力を説明する時に便利。,physical assault / sexual assault / assault cases / commit assault,Public cameras may help reduce assault in crowded areas.,公共カメラは混雑した地域での暴行を減らすのに役立つかもしれない。,attack; violence; physical attack; aggression,Task 2のcrimeやpublic safety topicで使える。
336,armed robbery,noun,/ˌɑːrmd ˈrɑːbəri/,武装強盗,robbery using a weapon,武器を使って人を脅し、物やお金を奪う犯罪を指す。“robbery” より危険性が高いニュアンス。,commit armed robbery / armed robbery cases / prevent armed robbery / armed robbery with a firearm,Stricter gun control may reduce the risk of armed robbery.,より厳しい銃規制は武装強盗のリスクを減らすかもしれない。,violent robbery; robbery with a weapon; gun robbery; aggravated robbery,Task 2のcrime topicで使える。
337,vulnerable,adjective,/ˈvʌlnərəbl/,弱い、被害を受けやすい,easily harmed or affected,子ども・高齢者・低所得者・環境など、悪影響を受けやすい対象に使う。社会問題や環境問題で非常に使いやすい。,vulnerable people / vulnerable groups / vulnerable to crime / protect vulnerable communities,Children are particularly vulnerable to online risks.,子どもはオンライン上のリスクに特に影響を受けやすい。,at risk; exposed; susceptible; defenseless,Task 2のhealth・technology・crime・inequalityで便利。
338,expansion,noun,/ɪkˈspænʃən/,拡大、拡張,the process of becoming larger,都市・企業・道路・施設・産業などが大きくなることを表す。Task 1 mapやTask 2のurbanisationで使いやすい。,urban expansion / business expansion / expansion of housing / rapid expansion,The expansion of housing developments reduced the amount of farmland.,住宅開発の拡大により農地の量が減少した。,growth; enlargement; increase; extension,Task 1 mapで “the expansion of...” が便利。
339,become extinct,phrase,/bɪˈkʌm ɪkˈstɪŋkt/,絶滅する,to no longer exist as a species,動植物の種が完全にいなくなることを表す。環境・生物多様性のTask 2で非常に使いやすい。,become extinct due to habitat loss / species become extinct / risk becoming extinct / may become extinct,Many species may become extinct if their habitats continue to disappear.,生息地が失われ続ければ、多くの種が絶滅する可能性がある。,die out; disappear; vanish; be wiped out,Task 2のenvironment topicで重要。
340,the reason for the problem,phrase,/ðə ˈriːzən fər ðə ˈprɑːbləm/,その問題の理由、原因,the cause of the problem,問題の原因を説明する時の基本表現。ただしWritingでは少し単純なので、“the main cause of the problem” の方が自然な場合が多い。,the main reason for the problem / identify the reason for the problem / explain the reason for the problem / address the reason for the problem,The main reason for the problem is the lack of affordable public transport.,その問題の主な原因は、手頃な公共交通が不足していることである。,the cause of the problem; the root cause; the main factor; the source of the issue,Task 2では “the main cause of this problem” も覚えるとよい。
341,habitat,noun,/ˈhæbɪtæt/,生息地、住みか,the natural home of a plant or animal,動植物が自然に暮らす場所を表す。環境問題では “habitat loss” や “destroy habitats” が非常によく使われる。,natural habitat / habitat loss / destroy habitats / protect habitats,Deforestation destroys the natural habitats of many animals.,森林伐採は多くの動物の自然な生息地を破壊する。,environment; natural home; ecosystem; living area,Task 2のenvironmentで必須レベル。
342,inclusive environment,noun,/ɪnˈkluːsɪv ɪnˈvaɪrənmənt/,包摂的な環境、誰もが参加しやすい環境,an environment where everyone is accepted,年齢・性別・障害・文化的背景に関係なく、人々が受け入れられ参加できる環境を指す。教育・職場・社会の話題で便利。,create an inclusive environment / inclusive learning environment / inclusive workplace environment / promote an inclusive environment,Schools should create an inclusive environment for students from diverse backgrounds.,学校は多様な背景を持つ学生のために包摂的な環境を作るべきである。,welcoming environment; supportive environment; inclusive setting; accepting atmosphere,Task 2のeducation・workplace・diversity topicで便利。
343,inclusive,adjective,/ɪnˈkluːsɪv/,包摂的な、誰も排除しない,including everyone,特定の人だけでなく、さまざまな背景や能力を持つ人を受け入れる状態を表す。社会政策や教育でよく使う。,inclusive education / inclusive society / inclusive workplace / inclusive policy,Inclusive education helps children with different abilities learn together.,包摂的な教育は、異なる能力を持つ子どもたちが一緒に学ぶのに役立つ。,accessible; welcoming; open; non-discriminatory,Task 2のeducation・society・equalityで非常に使いやすい。
344,incorporate,verb,/ɪnˈkɔːrpəreɪt/,取り入れる、組み込む,to include something as part of something,新しい要素・方法・考え方を既存の仕組みに加える時に使う。“include” よりフォーマル。,incorporate technology / incorporate new ideas / incorporate feedback / incorporate practical skills,Schools should incorporate digital skills into the curriculum.,学校はデジタルスキルをカリキュラムに取り入れるべきである。,include; integrate; add; combine,Task 2のeducation・technology topicで便利。
345,contrast,noun,/ˈkɑːntræst/,対比、違い,a clear difference between two things,2つのものの違いをはっきり示す時に使う。Task 1ではデータや地図の違い、Task 2では意見の比較に便利。,sharp contrast / clear contrast / in contrast to / contrast between groups,There was a clear contrast between the urban and rural areas.,都市部と地方の間には明確な対比があった。,difference; distinction; comparison; opposition,Task 1・Task 2で使いやすい。“in contrast” も重要表現。
